delimiter |

CREATE PROCEDURE `ppe`.`sp_reset_database`()
BEGIN
	DELETE FROM `ppe`.`notification`;
    DELETE FROM `ppe`.`wallet_customer`;
    DELETE FROM `ppe`.`privilege`;
    DELETE FROM `ppe`.`wallet_meter`;
    DELETE FROM `ppe`.`wallet`;
    DELETE FROM `ppe`.`meter_history`;
    DELETE FROM `ppe`.`meter`;
    DELETE FROM `ppe`.`contract_energy_type`;
    DELETE FROM `ppe`.`contract`;
    DELETE FROM `ppe`.`building`;
    DELETE FROM `ppe`.`provider_energy_type`;
    DELETE FROM `ppe`.`contract_type`;
    DELETE FROM `ppe`.`energy_type`;
    DELETE FROM `ppe`.`customer`;
    DELETE FROM `ppe`.`provider`;
    DELETE FROM `ppe`.`role`;
    DELETE FROM `ppe`.`language`;
#--------------CREATE DATA--------------------

INSERT INTO `ppe`.`language`(`id`, `value`)
VALUES
		(1, 'FR'),
    	(2, 'EN');
    
INSERT INTO `ppe`.`role`(`id`, `value`)
VALUES
		(1, 'USER'),
    	(2, 'ADMIN');
    
INSERT INTO `ppe`.`provider` (`id`, `name`, `street`, `number`, `city`, `zip_code`, `country`, `password`)
VALUES
		('P0000000000001', 'Aspiravi Energy','Thor Park', '0', 'Genk', 3600, 'Belgique', '472590ae974d4c1f44b3780df0b152d9119f076c61bfb3e8cb6affd7889ac0a8'),
		('P0000000000002', 'DATS 24','Rue Baudouin 1er', '78', 'Courcelles', 6180, 'Belgique', '472590ae974d4c1f44b3780df0b152d9119f076c61bfb3e8cb6affd7889ac0a8'),
		('P0000000000003', 'Ebem','Leopoldstraat', '10', 'Merksplas', 2330, 'Belgique', '472590ae974d4c1f44b3780df0b152d9119f076c61bfb3e8cb6affd7889ac0a8'),
		('P0000000000004', 'Eneco','Battelsesteenweg', '455', 'Mechelen', 2800, 'Belgique', '472590ae974d4c1f44b3780df0b152d9119f076c61bfb3e8cb6affd7889ac0a8'),
		('P0000000000005', 'Energie.be','Koning Albert II-laan', '7', 'Brussel', 1210, 'Belgique', '472590ae974d4c1f44b3780df0b152d9119f076c61bfb3e8cb6affd7889ac0a8'),
		('P0000000000006', 'Engie','Place Samuel de Champlain', '1', 'Paris La défense', 92930, 'France', '472590ae974d4c1f44b3780df0b152d9119f076c61bfb3e8cb6affd7889ac0a8'),
		('P0000000000007', 'Luminus','Bd Roi Albert II', '7', 'Saint-Josse-ten-Noode', 1210, 'Belgique', '472590ae974d4c1f44b3780df0b152d9119f076c61bfb3e8cb6affd7889ac0a8'),
		('P0000000000008', 'Mega','Rue Natalis', '2', 'Liege', 4020, 'Belgique', '472590ae974d4c1f44b3780df0b152d9119f076c61bfb3e8cb6affd7889ac0a8'),
		('P0000000000009', 'Octa','Schaarbeeklei', '600', 'Vilvoorde', 1800, 'Belgique','472590ae974d4c1f44b3780df0b152d9119f076c61bfb3e8cb6affd7889ac0a8'),
		('P0000000000010', 'TotalEnergies','Rue Louis Armand', '2', 'Paris', 75015, 'France', '472590ae974d4c1f44b3780df0b152d9119f076c61bfb3e8cb6affd7889ac0a8'),
        ('P0000000000011', 'AIEC', 'Rue des Scyoux', '20', 'Hamois', 5361, 'Belgique', '472590ae974d4c1f44b3780df0b152d9119f076c61bfb3e8cb6affd7889ac0a8'),
        ('P0000000000012', 'AIEM', 'Rue de l''Estroit', '39', 'Mettet', 5640, 'Belgique', '472590ae974d4c1f44b3780df0b152d9119f076c61bfb3e8cb6affd7889ac0a8'),
        ('P0000000000013', 'CIESAC', 'Rue de la Source', '10', 'Clavier', 4560, 'Belgique', '472590ae974d4c1f44b3780df0b152d9119f076c61bfb3e8cb6affd7889ac0a8'),
        ('P0000000000014', 'CILE', 'Rue Canal-de-l''Ourthe', '8', 'Liège', 4031, 'Belgique', '472590ae974d4c1f44b3780df0b152d9119f076c61bfb3e8cb6affd7889ac0a8'),
        ('P0000000000015', 'IDEN','Route du Condroz', '319', 'Nandrin', 4550, 'Belgique', '472590ae974d4c1f44b3780df0b152d9119f076c61bfb3e8cb6affd7889ac0a8'),
        ('P0000000000016', 'IEG', 'Rue de la solidarité', '80', 'Mouscron', 7700 , 'Belgique', '472590ae974d4c1f44b3780df0b152d9119f076c61bfb3e8cb6affd7889ac0a8'),
        ('P0000000000017', 'INASEP', 'Rue des Viaux', '1b', 'Naninne', 5100,'Belgique','472590ae974d4c1f44b3780df0b152d9119f076c61bfb3e8cb6affd7889ac0a8'),
        ('P0000000000018', 'SWDE', 'Rue de la Concorde', '41', 'Verviers', 4800,'Belgique', '472590ae974d4c1f44b3780df0b152d9119f076c61bfb3e8cb6affd7889ac0a8');
 
INSERT INTO `ppe`.`customer`(`id`, `name`, `surname`, `phone_number`, `email`, `password`)
VALUES
		('U0000000000001','Falafel', 'Thierry', '0460208421','Falafel.Thierry@JeSuisNul.com', 'bf3763383aaf43069885db20b386631c6d5d8b8481df2a26769e9de5fe2f9c82'),
		('U0000000000002', 'Inspecteur', 'Monsieur', '0460208422','Monsieur.Inspecteru@gadget.com', 'bf3763383aaf43069885db20b386631c6d5d8b8481df2a26769e9de5fe2f9c82'),
		('U0000000000003', 'Gatta', 'Nicolas', '0460208423', 'Gatta.Nicolas@TuMeTrouverasPas.com', 'bf3763383aaf43069885db20b386631c6d5d8b8481df2a26769e9de5fe2f9c82'),
		('U0000000000004', 'Vancauwenberghe', 'Emilien', '0460208420', 'Vancauwenberghe.Emelien@JeSuisCaché.com', 'bf3763383aaf43069885db20b386631c6d5d8b8481df2a26769e9de5fe2f9c82');

 
INSERT INTO `ppe`.`energy_type`(`id`, `value`)
VALUES
		(1, 'electricity'),
        (2, 'water'),
        (3, 'gas');
 
INSERT INTO `ppe`.`contract_type` (`id`, `value`)
VALUES
		(1, 'variable'),
        (2, 'fixe');

 
 INSERT INTO `ppe`.`provider_energy_type`(`provider_fk`, `energy_type_fk`)
VALUES
		('P0000000000011', 2),
		('P0000000000012', 2),
		('P0000000000013', 2),
		('P0000000000014', 2),
		('P0000000000015', 2),
		('P0000000000016', 2),
		('P0000000000017', 2),
        ('P0000000000018', 2),
		('P0000000000001', 1),
		('P0000000000002', 1),
		('P0000000000003', 1),
		('P0000000000004', 1),
		('P0000000000005', 1),
		('P0000000000006', 1),
		('P0000000000007', 1),
		('P0000000000008', 1),
		('P0000000000009', 1),
		('P0000000000010', 1),
		('P0000000000001', 3),
		('P0000000000002', 3),
		('P0000000000003', 3),
		('P0000000000004', 3),
		('P0000000000005', 3),
		('P0000000000006', 3),
		('P0000000000007', 3),
		('P0000000000008', 3),
		('P0000000000009', 3),
		('P0000000000010', 3);
 
 
INSERT INTO `ppe`.`building` (`id` , `is_main`, `building_name`, `room`, `street`, `number`, `city`, `zip_code`, `customer_fk`)
VALUES
		('H0000000000001', TRUE, '', '2.19', 'Rue des Roses', '80', 'Mellet', 6210, 'U0000000000003'),
		('H0000000000002', FALSE, '', '2.50', 'Rue des Oiseaux Du Paradis', '69', 'Charleroi', 6000, 'U0000000000003'),
		('H0000000000003', TRUE, '', '2.2', 'Rue de L''inspecteur Gadget', '12', 'Courcelles', 6180, 'U0000000000001'),
        ('H0000000000004', FALSE, '', '2.2', 'Rue de L''inspecteur Gadget', '13', 'Courcelles', 6180, 'U0000000000001'),
		('H0000000000005', FALSE, '', '2.2', 'Rue de L''inspecteur Gadget', '14', 'Courcelles', 6180, 'U0000000000001'),
        ('H0000000000006', FALSE, '', '2.2', 'Rue de L''inspecteur Gadget', '15', 'Courcelles', 6180, 'U0000000000001'),
		('H0000000000007', TRUE, '', '2.7', 'Rue de Hares', '666', 'Jumet', 6040, 'U0000000000002'),
        ('H0000000000008', FALSE, '', '2.7', 'Rue de Hares', '667', 'Jumet', 6040, 'U0000000000002'),
		('H0000000000009', TRUE, '', '2.6', 'Rue du Joker', '4b', 'Roux', 6044, 'U0000000000004'),
        ('H0000000000010', FALSE, '', '2.6', 'Rue du Joker', '5b', 'Roux', 6044, 'U0000000000004');
   
   
INSERT INTO `ppe`.`contract`(`id`, `start_date`, `end_date`, `provider_fk`, `contract_type_fk`, `building_fk`)
VALUES 
		('C00000001', '2022-01-25', '2023-01-25', 'P0000000000001', 2, 'H0000000000001'),
        ('C00000002', '2022-01-25', '2023-01-25', 'P0000000000002', 2, 'H0000000000002'),
        ('C00000003', '2022-01-25', '2023-01-25', 'P0000000000003', 2, 'H0000000000003'),
        ('C00000004', '2022-01-25', '2023-01-25', 'P0000000000004', 2, 'H0000000000004'),
        ('C00000005', '2022-01-25', '2023-01-25', 'P0000000000005', 2, 'H0000000000005'),
        ('C00000006', '2022-01-25', '2023-01-25', 'P0000000000006', 2, 'H0000000000006'),
        ('C00000007', '2022-01-25', '2023-01-25', 'P0000000000007', 2, 'H0000000000007'),
        ('C00000008', '2022-01-25', '2023-01-25', 'P0000000000008', 2, 'H0000000000008'),
        ('C00000009', '2022-01-25', '2023-01-25', 'P0000000000009', 2, 'H0000000000009'),
        ('C00000010', '2022-01-25', '2023-01-25', 'P0000000000010', 2, 'H0000000000010'),
		('C00000011', '2022-01-25', '2023-01-25', 'P0000000000011', 2, 'H0000000000001'),
        ('C00000012', '2022-01-25', '2023-01-25', 'P0000000000012', 2, 'H0000000000002'),
        ('C00000013', '2022-01-25', '2023-01-25', 'P0000000000013', 2, 'H0000000000003'),
        ('C00000014', '2022-01-25', '2023-01-25', 'P0000000000014', 2, 'H0000000000004'),
        ('C00000015', '2022-01-25', '2023-01-25', 'P0000000000015', 2, 'H0000000000005'),
        ('C00000016', '2022-01-25', '2023-01-25', 'P0000000000016', 2, 'H0000000000006'),
        ('C00000017', '2022-01-25', '2023-01-25', 'P0000000000017', 2, 'H0000000000007'),
        ('C00000018', '2022-01-25', '2023-01-25', 'P0000000000018', 2, 'H0000000000008');

INSERT INTO `ppe`.`contract_energy_type`(`id`, `day_price`, `night_price`, `contract_fk` , `energy_type_fk`)
VALUES
		(1, 50, 50, 'C00000001', 1),
		(2, 50, 50, 'C00000001', 3),
		(3, 50, 50, 'C00000002', 1),
		(4, 50, 50, 'C00000002', 3),
		(5, 50, 50, 'C00000003', 1),
		(6, 50, 50, 'C00000003', 3),
		(7, 50, 50, 'C00000004', 1),
		(8, 50, 50, 'C00000004', 3),
		(9, 50, 50, 'C00000005', 1),
		(10, 50, 50, 'C00000005', 3),
		(11, 50, 50, 'C00000006', 1),
		(12, 50, 50, 'C00000006', 3),
		(13, 50, 50, 'C00000007', 1),
		(14, 50, 50, 'C00000007', 3),
		(15, 50, 50, 'C00000008', 1),
		(16, 50, 50, 'C00000008', 3),
		(17, 50, 50, 'C00000009', 1),
		(18, 50, 50, 'C00000009', 3),
		(19, 50, 50, 'C00000010', 1),
		(20, 50, 50, 'C00000010', 3),
        (21, 50, 50, 'C00000011', 2),
        (22, 50, 50, 'C00000012', 2),
        (23, 50, 50, 'C00000013', 2),
        (24, 50, 50, 'C00000014', 2),
        (25, 50, 50, 'C00000015', 2),
        (26, 50, 50, 'C00000016', 2),
        (27, 50, 50, 'C00000017', 2),
        (28, 50, 50, 'C00000018', 2);
        
INSERT INTO `ppe`.`meter` ( `id`, `value`, `is_numeric`, `building_fk` , `energy_type_fk`, `is_open`)
VALUES
		('000000000000000001', 1100, TRUE, 'H0000000000001', 1, TRUE),
		('000000000000000002', 120, TRUE, 'H0000000000001', 2, TRUE),
		('000000000000000003', 13120, TRUE, 'H0000000000001', 3, TRUE),
		('000000000000000004', 1100, TRUE, 'H0000000000002', 1, TRUE),
		('000000000000000005', 120, TRUE, 'H0000000000002', 2, TRUE),
		('000000000000000006', 13120, TRUE, 'H0000000000002', 3, TRUE),
		('000000000000000007', 1100, TRUE, 'H0000000000003', 1, TRUE),
		('000000000000000008', 120, TRUE, 'H0000000000003', 2, TRUE),
		('000000000000000009', 13120, TRUE, 'H0000000000003', 3, TRUE),
		('000000000000000010', 1100, TRUE, 'H0000000000004', 1, TRUE),
		('000000000000000011', 120, TRUE, 'H0000000000004', 2, TRUE),
		('000000000000000012', 13120, TRUE, 'H0000000000004', 3, TRUE),
		('000000000000000013', 1100, TRUE, 'H0000000000005', 1, TRUE),
		('000000000000000014', 120, TRUE, 'H0000000000005', 2, TRUE),
		('000000000000000015', 13120, TRUE, 'H0000000000005', 3, TRUE),
		('000000000000000016', 1100, TRUE, 'H0000000000006', 1, TRUE),
		('000000000000000017', 120, TRUE, 'H0000000000006', 2, TRUE),
		('000000000000000018', 13120, TRUE, 'H0000000000006', 3, TRUE),
		('000000000000000019', 1100, TRUE, 'H0000000000007', 1, TRUE),
		('000000000000000020', 120, TRUE, 'H0000000000007', 2, TRUE),
		('000000000000000021', 13120, TRUE, 'H0000000000007', 3, TRUE),
		('000000000000000022', 1100, TRUE, 'H0000000000008', 1, TRUE),
		('000000000000000023', 120, TRUE, 'H0000000000008', 2, TRUE),
		('000000000000000024', 13120, TRUE, 'H0000000000008', 3, TRUE),
		('000000000000000025', 1100, TRUE, 'H0000000000009', 1, TRUE),
		('000000000000000026', 120, TRUE, 'H0000000000009', 2, TRUE),
		('000000000000000027', 13120, TRUE, 'H0000000000009', 3, TRUE),
		('000000000000000028', 1100, TRUE, 'H0000000000010', 1, TRUE),
		('000000000000000029', 120, TRUE, 'H0000000000010', 2, TRUE),
		('000000000000000030', 13120, TRUE, 'H0000000000010', 3, TRUE);


INSERT INTO `ppe`.`meter_history`(`date`, `value`, `meter_fk`) 
VALUES
		((SELECT CURDATE()), 1050, '000000000000000001'),
		((SELECT DATE_ADD((SELECT CURDATE()), INTERVAL -5 DAY)), 1030, '000000000000000001'),
		((SELECT DATE_ADD((SELECT CURDATE()), INTERVAL -10 DAY)), 1000, '000000000000000001'),
		((SELECT DATE_ADD((SELECT CURDATE()), INTERVAL -15 DAY)), 990, '000000000000000001'),
		((SELECT DATE_ADD((SELECT CURDATE()), INTERVAL -20 DAY)), 970, '000000000000000001'),
		((SELECT DATE_ADD((SELECT CURDATE()), INTERVAL -25 DAY)), 960, '000000000000000001'),
		((SELECT DATE_ADD((SELECT CURDATE()), INTERVAL -30 DAY)), 960, '000000000000000001'),
		((SELECT DATE_ADD((SELECT CURDATE()), INTERVAL -35 DAY)), 950, '000000000000000001'),
		((SELECT DATE_ADD((SELECT CURDATE()), INTERVAL -40 DAY)), 900, '000000000000000001'),
		((SELECT DATE_ADD((SELECT CURDATE()), INTERVAL -45 DAY)), 890, '000000000000000001'),
		((SELECT DATE_ADD((SELECT CURDATE()), INTERVAL -50 DAY)), 860, '000000000000000001'),
		((SELECT DATE_ADD((SELECT CURDATE()), INTERVAL -55 DAY)), 850, '000000000000000001'),
		((SELECT DATE_ADD((SELECT CURDATE()), INTERVAL -60 DAY)), 790, '000000000000000001'),
		((SELECT DATE_ADD((SELECT CURDATE()), INTERVAL -65 DAY)), 750, '000000000000000001'),
		((SELECT DATE_ADD((SELECT CURDATE()), INTERVAL -70 DAY)), 710, '000000000000000001'),
		((SELECT DATE_ADD((SELECT CURDATE()), INTERVAL -75 DAY)), 689, '000000000000000001'),
		((SELECT DATE_ADD((SELECT CURDATE()), INTERVAL -80 DAY)), 599, '000000000000000001'),
		((SELECT DATE_ADD((SELECT CURDATE()), INTERVAL -85 DAY)), 488, '000000000000000001'),
		((SELECT DATE_ADD((SELECT CURDATE()), INTERVAL -90 DAY)), 400, '000000000000000001'),
		((SELECT DATE_ADD((SELECT CURDATE()), INTERVAL -95 DAY)), 370, '000000000000000001'),
		((SELECT DATE_ADD((SELECT CURDATE()), INTERVAL -100 DAY)), 350, '000000000000000001'),
		((SELECT DATE_ADD((SELECT CURDATE()), INTERVAL -105 DAY)), 300, '000000000000000001'),
		((SELECT DATE_ADD((SELECT CURDATE()), INTERVAL -110 DAY)), 250, '000000000000000001'),
		((SELECT DATE_ADD((SELECT CURDATE()), INTERVAL -115 DAY)), 200, '000000000000000001'),
		((SELECT DATE_ADD((SELECT CURDATE()), INTERVAL -120 DAY)), 150, '000000000000000001'),
		((SELECT DATE_ADD((SELECT CURDATE()), INTERVAL -125 DAY)), 70, '000000000000000001'),
		((SELECT DATE_ADD((SELECT CURDATE()), INTERVAL -130 DAY)), 60, '000000000000000001'),
		((SELECT DATE_ADD((SELECT CURDATE()), INTERVAL -135 DAY)), 50, '000000000000000001'),
		((SELECT DATE_ADD((SELECT CURDATE()), INTERVAL -140 DAY)), 40, '000000000000000001'),
		((SELECT DATE_ADD((SELECT CURDATE()), INTERVAL -145 DAY)), 10, '000000000000000001'),
		((SELECT CURDATE()), 110, '000000000000000002'),
		((SELECT DATE_ADD((SELECT CURDATE()), INTERVAL -5 DAY)), 99, '000000000000000002'),
		((SELECT DATE_ADD((SELECT CURDATE()), INTERVAL -10 DAY)), 94, '000000000000000002'),
		((SELECT DATE_ADD((SELECT CURDATE()), INTERVAL -15 DAY)), 93, '000000000000000002'),
		((SELECT DATE_ADD((SELECT CURDATE()), INTERVAL -20 DAY)), 92, '000000000000000002'),
		((SELECT DATE_ADD((SELECT CURDATE()), INTERVAL -25 DAY)), 90, '000000000000000002'),
		((SELECT DATE_ADD((SELECT CURDATE()), INTERVAL -30 DAY)), 85, '000000000000000002'),
		((SELECT DATE_ADD((SELECT CURDATE()), INTERVAL -35 DAY)), 81, '000000000000000002'),
		((SELECT DATE_ADD((SELECT CURDATE()), INTERVAL -40 DAY)), 80, '000000000000000002'),
		((SELECT DATE_ADD((SELECT CURDATE()), INTERVAL -45 DAY)), 78, '000000000000000002'),
		((SELECT DATE_ADD((SELECT CURDATE()), INTERVAL -50 DAY)), 76, '000000000000000002'),
		((SELECT DATE_ADD((SELECT CURDATE()), INTERVAL -55 DAY)), 72, '000000000000000002'),
		((SELECT DATE_ADD((SELECT CURDATE()), INTERVAL -60 DAY)), 70, '000000000000000002'),
		((SELECT DATE_ADD((SELECT CURDATE()), INTERVAL -65 DAY)), 68, '000000000000000002'),
		((SELECT DATE_ADD((SELECT CURDATE()), INTERVAL -70 DAY)), 65, '000000000000000002'),
		((SELECT DATE_ADD((SELECT CURDATE()), INTERVAL -75 DAY)), 64, '000000000000000002'),
		((SELECT DATE_ADD((SELECT CURDATE()), INTERVAL -80 DAY)), 62, '000000000000000002'),
		((SELECT DATE_ADD((SELECT CURDATE()), INTERVAL -85 DAY)), 58, '000000000000000002'),
		((SELECT DATE_ADD((SELECT CURDATE()), INTERVAL -90 DAY)), 50, '000000000000000002'),
		((SELECT DATE_ADD((SELECT CURDATE()), INTERVAL -95 DAY)), 43, '000000000000000002'),
		((SELECT DATE_ADD((SELECT CURDATE()), INTERVAL -100 DAY)), 42, '000000000000000002'),
		((SELECT DATE_ADD((SELECT CURDATE()), INTERVAL -105 DAY)), 41, '000000000000000002'),
		((SELECT DATE_ADD((SELECT CURDATE()), INTERVAL -110 DAY)), 40, '000000000000000002'),
		((SELECT DATE_ADD((SELECT CURDATE()), INTERVAL -115 DAY)), 35, '000000000000000002'),
		((SELECT DATE_ADD((SELECT CURDATE()), INTERVAL -120 DAY)), 30, '000000000000000002'),
		((SELECT DATE_ADD((SELECT CURDATE()), INTERVAL -125 DAY)), 25, '000000000000000002'),
		((SELECT DATE_ADD((SELECT CURDATE()), INTERVAL -130 DAY)), 12, '000000000000000002'),
		((SELECT DATE_ADD((SELECT CURDATE()), INTERVAL -135 DAY)), 5, '000000000000000002'),
		((SELECT DATE_ADD((SELECT CURDATE()), INTERVAL -140 DAY)), 4, '000000000000000002'),
		((SELECT DATE_ADD((SELECT CURDATE()), INTERVAL -145 DAY)), 3, '000000000000000002'),
		((SELECT CURDATE()), 13000, '000000000000000003'),
		((SELECT DATE_ADD((SELECT CURDATE()), INTERVAL -5 DAY)), 12457, '000000000000000003'),
		((SELECT DATE_ADD((SELECT CURDATE()), INTERVAL -10 DAY)), 12064, '000000000000000003'),
		((SELECT DATE_ADD((SELECT CURDATE()), INTERVAL -15 DAY)), 11686, '000000000000000003'),
		((SELECT DATE_ADD((SELECT CURDATE()), INTERVAL -20 DAY)), 10652, '000000000000000003'),
		((SELECT DATE_ADD((SELECT CURDATE()), INTERVAL -25 DAY)), 10179, '000000000000000003'),
		((SELECT DATE_ADD((SELECT CURDATE()), INTERVAL -30 DAY)), 9733, '000000000000000003'),
		((SELECT DATE_ADD((SELECT CURDATE()), INTERVAL -35 DAY)), 9178, '000000000000000003'),
		((SELECT DATE_ADD((SELECT CURDATE()), INTERVAL -40 DAY)), 8754, '000000000000000003'),
		((SELECT DATE_ADD((SELECT CURDATE()), INTERVAL -45 DAY)), 8432, '000000000000000003'),
		((SELECT DATE_ADD((SELECT CURDATE()), INTERVAL -50 DAY)), 8024, '000000000000000003'),
		((SELECT DATE_ADD((SELECT CURDATE()), INTERVAL -55 DAY)), 7689, '000000000000000003'),
		((SELECT DATE_ADD((SELECT CURDATE()), INTERVAL -60 DAY)), 7320, '000000000000000003'),
		((SELECT DATE_ADD((SELECT CURDATE()), INTERVAL -65 DAY)), 6879, '000000000000000003'),
		((SELECT DATE_ADD((SELECT CURDATE()), INTERVAL -70 DAY)), 6487, '000000000000000003'),
		((SELECT DATE_ADD((SELECT CURDATE()), INTERVAL -75 DAY)), 6041, '000000000000000003'),
		((SELECT DATE_ADD((SELECT CURDATE()), INTERVAL -80 DAY)), 5657, '000000000000000003'),
		((SELECT DATE_ADD((SELECT CURDATE()), INTERVAL -85 DAY)), 5238, '000000000000000003'),
		((SELECT DATE_ADD((SELECT CURDATE()), INTERVAL -90 DAY)), 4977, '000000000000000003'),
		((SELECT DATE_ADD((SELECT CURDATE()), INTERVAL -95 DAY)), 4519, '000000000000000003'),
		((SELECT DATE_ADD((SELECT CURDATE()), INTERVAL -100 DAY)), 4229, '000000000000000003'),
		((SELECT DATE_ADD((SELECT CURDATE()), INTERVAL -105 DAY)), 3852, '000000000000000003'),
		((SELECT DATE_ADD((SELECT CURDATE()), INTERVAL -110 DAY)), 3561, '000000000000000003'),
		((SELECT DATE_ADD((SELECT CURDATE()), INTERVAL -115 DAY)), 3282, '000000000000000003'),
		((SELECT DATE_ADD((SELECT CURDATE()), INTERVAL -120 DAY)), 3031, '000000000000000003'),
		((SELECT DATE_ADD((SELECT CURDATE()), INTERVAL -125 DAY)), 2763, '000000000000000003'),
		((SELECT DATE_ADD((SELECT CURDATE()), INTERVAL -130 DAY)), 2413, '000000000000000003'),
		((SELECT DATE_ADD((SELECT CURDATE()), INTERVAL -135 DAY)), 2059, '000000000000000003'),
		((SELECT DATE_ADD((SELECT CURDATE()), INTERVAL -140 DAY)), 1050, '000000000000000003'),
		((SELECT DATE_ADD((SELECT CURDATE()), INTERVAL -145 DAY)), 500, '000000000000000003'),
				((SELECT CURDATE()), 1050, '000000000000000004'),
		((SELECT DATE_ADD((SELECT CURDATE()), INTERVAL -5 DAY)), 1030, '000000000000000004'),
		((SELECT DATE_ADD((SELECT CURDATE()), INTERVAL -10 DAY)), 1000, '000000000000000004'),
		((SELECT DATE_ADD((SELECT CURDATE()), INTERVAL -15 DAY)), 990, '000000000000000004'),
		((SELECT DATE_ADD((SELECT CURDATE()), INTERVAL -20 DAY)), 970, '000000000000000004'),
		((SELECT DATE_ADD((SELECT CURDATE()), INTERVAL -25 DAY)), 960, '000000000000000004'),
		((SELECT DATE_ADD((SELECT CURDATE()), INTERVAL -30 DAY)), 960, '000000000000000004'),
		((SELECT DATE_ADD((SELECT CURDATE()), INTERVAL -35 DAY)), 950, '000000000000000004'),
		((SELECT DATE_ADD((SELECT CURDATE()), INTERVAL -40 DAY)), 900, '000000000000000004'),
		((SELECT DATE_ADD((SELECT CURDATE()), INTERVAL -45 DAY)), 890, '000000000000000004'),
		((SELECT DATE_ADD((SELECT CURDATE()), INTERVAL -50 DAY)), 860, '000000000000000004'),
		((SELECT DATE_ADD((SELECT CURDATE()), INTERVAL -55 DAY)), 850, '000000000000000004'),
		((SELECT DATE_ADD((SELECT CURDATE()), INTERVAL -60 DAY)), 790, '000000000000000004'),
		((SELECT DATE_ADD((SELECT CURDATE()), INTERVAL -65 DAY)), 750, '000000000000000004'),
		((SELECT DATE_ADD((SELECT CURDATE()), INTERVAL -70 DAY)), 710, '000000000000000004'),
		((SELECT DATE_ADD((SELECT CURDATE()), INTERVAL -75 DAY)), 689, '000000000000000004'),
		((SELECT DATE_ADD((SELECT CURDATE()), INTERVAL -80 DAY)), 599, '000000000000000004'),
		((SELECT DATE_ADD((SELECT CURDATE()), INTERVAL -85 DAY)), 488, '000000000000000004'),
		((SELECT DATE_ADD((SELECT CURDATE()), INTERVAL -90 DAY)), 400, '000000000000000004'),
		((SELECT DATE_ADD((SELECT CURDATE()), INTERVAL -95 DAY)), 370, '000000000000000004'),
		((SELECT DATE_ADD((SELECT CURDATE()), INTERVAL -100 DAY)), 350, '000000000000000004'),
		((SELECT DATE_ADD((SELECT CURDATE()), INTERVAL -105 DAY)), 300, '000000000000000004'),
		((SELECT DATE_ADD((SELECT CURDATE()), INTERVAL -110 DAY)), 250, '000000000000000004'),
		((SELECT DATE_ADD((SELECT CURDATE()), INTERVAL -115 DAY)), 200, '000000000000000004'),
		((SELECT DATE_ADD((SELECT CURDATE()), INTERVAL -120 DAY)), 150, '000000000000000004'),
		((SELECT DATE_ADD((SELECT CURDATE()), INTERVAL -125 DAY)), 70, '000000000000000004'),
		((SELECT DATE_ADD((SELECT CURDATE()), INTERVAL -130 DAY)), 60, '000000000000000004'),
		((SELECT DATE_ADD((SELECT CURDATE()), INTERVAL -135 DAY)), 50, '000000000000000004'),
		((SELECT DATE_ADD((SELECT CURDATE()), INTERVAL -140 DAY)), 40, '000000000000000004'),
		((SELECT DATE_ADD((SELECT CURDATE()), INTERVAL -145 DAY)), 10, '000000000000000004'),
		((SELECT CURDATE()), 110, '000000000000000005'),
		((SELECT DATE_ADD((SELECT CURDATE()), INTERVAL -5 DAY)), 99, '000000000000000005'),
		((SELECT DATE_ADD((SELECT CURDATE()), INTERVAL -10 DAY)), 94, '000000000000000005'),
		((SELECT DATE_ADD((SELECT CURDATE()), INTERVAL -15 DAY)), 93, '000000000000000005'),
		((SELECT DATE_ADD((SELECT CURDATE()), INTERVAL -20 DAY)), 92, '000000000000000005'),
		((SELECT DATE_ADD((SELECT CURDATE()), INTERVAL -25 DAY)), 90, '000000000000000005'),
		((SELECT DATE_ADD((SELECT CURDATE()), INTERVAL -30 DAY)), 85, '000000000000000005'),
		((SELECT DATE_ADD((SELECT CURDATE()), INTERVAL -35 DAY)), 81, '000000000000000005'),
		((SELECT DATE_ADD((SELECT CURDATE()), INTERVAL -40 DAY)), 80, '000000000000000005'),
		((SELECT DATE_ADD((SELECT CURDATE()), INTERVAL -45 DAY)), 78, '000000000000000005'),
		((SELECT DATE_ADD((SELECT CURDATE()), INTERVAL -50 DAY)), 76, '000000000000000005'),
		((SELECT DATE_ADD((SELECT CURDATE()), INTERVAL -55 DAY)), 72, '000000000000000005'),
		((SELECT DATE_ADD((SELECT CURDATE()), INTERVAL -60 DAY)), 70, '000000000000000005'),
		((SELECT DATE_ADD((SELECT CURDATE()), INTERVAL -65 DAY)), 68, '000000000000000005'),
		((SELECT DATE_ADD((SELECT CURDATE()), INTERVAL -70 DAY)), 65, '000000000000000005'),
		((SELECT DATE_ADD((SELECT CURDATE()), INTERVAL -75 DAY)), 64, '000000000000000005'),
		((SELECT DATE_ADD((SELECT CURDATE()), INTERVAL -80 DAY)), 62, '000000000000000005'),
		((SELECT DATE_ADD((SELECT CURDATE()), INTERVAL -85 DAY)), 58, '000000000000000005'),
		((SELECT DATE_ADD((SELECT CURDATE()), INTERVAL -90 DAY)), 50, '000000000000000005'),
		((SELECT DATE_ADD((SELECT CURDATE()), INTERVAL -95 DAY)), 43, '000000000000000005'),
		((SELECT DATE_ADD((SELECT CURDATE()), INTERVAL -100 DAY)), 42, '000000000000000005'),
		((SELECT DATE_ADD((SELECT CURDATE()), INTERVAL -105 DAY)), 41, '000000000000000005'),
		((SELECT DATE_ADD((SELECT CURDATE()), INTERVAL -110 DAY)), 40, '000000000000000005'),
		((SELECT DATE_ADD((SELECT CURDATE()), INTERVAL -115 DAY)), 35, '000000000000000005'),
		((SELECT DATE_ADD((SELECT CURDATE()), INTERVAL -120 DAY)), 30, '000000000000000005'),
		((SELECT DATE_ADD((SELECT CURDATE()), INTERVAL -125 DAY)), 25, '000000000000000005'),
		((SELECT DATE_ADD((SELECT CURDATE()), INTERVAL -130 DAY)), 12, '000000000000000005'),
		((SELECT DATE_ADD((SELECT CURDATE()), INTERVAL -135 DAY)), 5, '000000000000000005'),
		((SELECT DATE_ADD((SELECT CURDATE()), INTERVAL -140 DAY)), 4, '000000000000000005'),
		((SELECT DATE_ADD((SELECT CURDATE()), INTERVAL -145 DAY)), 3, '000000000000000005'),
		((SELECT CURDATE()), 13000, '000000000000000006'),
		((SELECT DATE_ADD((SELECT CURDATE()), INTERVAL -5 DAY)), 12457, '000000000000000006'),
		((SELECT DATE_ADD((SELECT CURDATE()), INTERVAL -10 DAY)), 12064, '000000000000000006'),
		((SELECT DATE_ADD((SELECT CURDATE()), INTERVAL -15 DAY)), 11686, '000000000000000006'),
		((SELECT DATE_ADD((SELECT CURDATE()), INTERVAL -20 DAY)), 10652, '000000000000000006'),
		((SELECT DATE_ADD((SELECT CURDATE()), INTERVAL -25 DAY)), 10179, '000000000000000006'),
		((SELECT DATE_ADD((SELECT CURDATE()), INTERVAL -30 DAY)), 9733, '000000000000000006'),
		((SELECT DATE_ADD((SELECT CURDATE()), INTERVAL -35 DAY)), 9178, '000000000000000006'),
		((SELECT DATE_ADD((SELECT CURDATE()), INTERVAL -40 DAY)), 8754, '000000000000000006'),
		((SELECT DATE_ADD((SELECT CURDATE()), INTERVAL -45 DAY)), 8432, '000000000000000006'),
		((SELECT DATE_ADD((SELECT CURDATE()), INTERVAL -50 DAY)), 8024, '000000000000000006'),
		((SELECT DATE_ADD((SELECT CURDATE()), INTERVAL -55 DAY)), 7689, '000000000000000006'),
		((SELECT DATE_ADD((SELECT CURDATE()), INTERVAL -60 DAY)), 7320, '000000000000000006'),
		((SELECT DATE_ADD((SELECT CURDATE()), INTERVAL -65 DAY)), 6879, '000000000000000006'),
		((SELECT DATE_ADD((SELECT CURDATE()), INTERVAL -70 DAY)), 6487, '000000000000000006'),
		((SELECT DATE_ADD((SELECT CURDATE()), INTERVAL -75 DAY)), 6041, '000000000000000006'),
		((SELECT DATE_ADD((SELECT CURDATE()), INTERVAL -80 DAY)), 5657, '000000000000000006'),
		((SELECT DATE_ADD((SELECT CURDATE()), INTERVAL -85 DAY)), 5238, '000000000000000006'),
		((SELECT DATE_ADD((SELECT CURDATE()), INTERVAL -90 DAY)), 4977, '000000000000000006'),
		((SELECT DATE_ADD((SELECT CURDATE()), INTERVAL -95 DAY)), 4519, '000000000000000006'),
		((SELECT DATE_ADD((SELECT CURDATE()), INTERVAL -100 DAY)), 4229, '000000000000000006'),
		((SELECT DATE_ADD((SELECT CURDATE()), INTERVAL -105 DAY)), 3852, '000000000000000006'),
		((SELECT DATE_ADD((SELECT CURDATE()), INTERVAL -110 DAY)), 3561, '000000000000000006'),
		((SELECT DATE_ADD((SELECT CURDATE()), INTERVAL -115 DAY)), 3282, '000000000000000006'),
		((SELECT DATE_ADD((SELECT CURDATE()), INTERVAL -120 DAY)), 3031, '000000000000000006'),
		((SELECT DATE_ADD((SELECT CURDATE()), INTERVAL -125 DAY)), 2763, '000000000000000006'),
		((SELECT DATE_ADD((SELECT CURDATE()), INTERVAL -130 DAY)), 2413, '000000000000000006'),
		((SELECT DATE_ADD((SELECT CURDATE()), INTERVAL -135 DAY)), 2059, '000000000000000006'),
		((SELECT DATE_ADD((SELECT CURDATE()), INTERVAL -140 DAY)), 1050, '000000000000000006'),
		((SELECT DATE_ADD((SELECT CURDATE()), INTERVAL -145 DAY)), 500, '000000000000000006'),
		((SELECT CURDATE()), 1050, '000000000000000007'),
		((SELECT DATE_ADD((SELECT CURDATE()), INTERVAL -5 DAY)), 1030, '000000000000000007'),
		((SELECT DATE_ADD((SELECT CURDATE()), INTERVAL -10 DAY)), 1000, '000000000000000007'),
		((SELECT DATE_ADD((SELECT CURDATE()), INTERVAL -15 DAY)), 990, '000000000000000007'),
		((SELECT DATE_ADD((SELECT CURDATE()), INTERVAL -20 DAY)), 970, '000000000000000007'),
		((SELECT DATE_ADD((SELECT CURDATE()), INTERVAL -25 DAY)), 960, '000000000000000007'),
		((SELECT DATE_ADD((SELECT CURDATE()), INTERVAL -30 DAY)), 960, '000000000000000007'),
		((SELECT DATE_ADD((SELECT CURDATE()), INTERVAL -35 DAY)), 950, '000000000000000007'),
		((SELECT DATE_ADD((SELECT CURDATE()), INTERVAL -40 DAY)), 900, '000000000000000007'),
		((SELECT DATE_ADD((SELECT CURDATE()), INTERVAL -45 DAY)), 890, '000000000000000007'),
		((SELECT DATE_ADD((SELECT CURDATE()), INTERVAL -50 DAY)), 860, '000000000000000007'),
		((SELECT DATE_ADD((SELECT CURDATE()), INTERVAL -55 DAY)), 850, '000000000000000007'),
		((SELECT DATE_ADD((SELECT CURDATE()), INTERVAL -60 DAY)), 790, '000000000000000007'),
		((SELECT DATE_ADD((SELECT CURDATE()), INTERVAL -65 DAY)), 750, '000000000000000007'),
		((SELECT DATE_ADD((SELECT CURDATE()), INTERVAL -70 DAY)), 710, '000000000000000007'),
		((SELECT DATE_ADD((SELECT CURDATE()), INTERVAL -75 DAY)), 689, '000000000000000007'),
		((SELECT DATE_ADD((SELECT CURDATE()), INTERVAL -80 DAY)), 599, '000000000000000007'),
		((SELECT DATE_ADD((SELECT CURDATE()), INTERVAL -85 DAY)), 488, '000000000000000007'),
		((SELECT DATE_ADD((SELECT CURDATE()), INTERVAL -90 DAY)), 400, '000000000000000007'),
		((SELECT DATE_ADD((SELECT CURDATE()), INTERVAL -95 DAY)), 370, '000000000000000007'),
		((SELECT DATE_ADD((SELECT CURDATE()), INTERVAL -100 DAY)), 350, '000000000000000007'),
		((SELECT DATE_ADD((SELECT CURDATE()), INTERVAL -105 DAY)), 300, '000000000000000007'),
		((SELECT DATE_ADD((SELECT CURDATE()), INTERVAL -110 DAY)), 250, '000000000000000007'),
		((SELECT DATE_ADD((SELECT CURDATE()), INTERVAL -115 DAY)), 200, '000000000000000007'),
		((SELECT DATE_ADD((SELECT CURDATE()), INTERVAL -120 DAY)), 150, '000000000000000007'),
		((SELECT DATE_ADD((SELECT CURDATE()), INTERVAL -125 DAY)), 70, '000000000000000007'),
		((SELECT DATE_ADD((SELECT CURDATE()), INTERVAL -130 DAY)), 60, '000000000000000007'),
		((SELECT DATE_ADD((SELECT CURDATE()), INTERVAL -135 DAY)), 50, '000000000000000007'),
		((SELECT DATE_ADD((SELECT CURDATE()), INTERVAL -140 DAY)), 40, '000000000000000007'),
		((SELECT DATE_ADD((SELECT CURDATE()), INTERVAL -145 DAY)), 10, '000000000000000007'),
		((SELECT CURDATE()), 110, '000000000000000008'),
		((SELECT DATE_ADD((SELECT CURDATE()), INTERVAL -5 DAY)), 99, '000000000000000008'),
		((SELECT DATE_ADD((SELECT CURDATE()), INTERVAL -10 DAY)), 94, '000000000000000008'),
		((SELECT DATE_ADD((SELECT CURDATE()), INTERVAL -15 DAY)), 93, '000000000000000008'),
		((SELECT DATE_ADD((SELECT CURDATE()), INTERVAL -20 DAY)), 92, '000000000000000008'),
		((SELECT DATE_ADD((SELECT CURDATE()), INTERVAL -25 DAY)), 90, '000000000000000008'),
		((SELECT DATE_ADD((SELECT CURDATE()), INTERVAL -30 DAY)), 85, '000000000000000008'),
		((SELECT DATE_ADD((SELECT CURDATE()), INTERVAL -35 DAY)), 81, '000000000000000008'),
		((SELECT DATE_ADD((SELECT CURDATE()), INTERVAL -40 DAY)), 80, '000000000000000008'),
		((SELECT DATE_ADD((SELECT CURDATE()), INTERVAL -45 DAY)), 78, '000000000000000008'),
		((SELECT DATE_ADD((SELECT CURDATE()), INTERVAL -50 DAY)), 76, '000000000000000008'),
		((SELECT DATE_ADD((SELECT CURDATE()), INTERVAL -55 DAY)), 72, '000000000000000008'),
		((SELECT DATE_ADD((SELECT CURDATE()), INTERVAL -60 DAY)), 70, '000000000000000008'),
		((SELECT DATE_ADD((SELECT CURDATE()), INTERVAL -65 DAY)), 68, '000000000000000008'),
		((SELECT DATE_ADD((SELECT CURDATE()), INTERVAL -70 DAY)), 65, '000000000000000008'),
		((SELECT DATE_ADD((SELECT CURDATE()), INTERVAL -75 DAY)), 64, '000000000000000008'),
		((SELECT DATE_ADD((SELECT CURDATE()), INTERVAL -80 DAY)), 62, '000000000000000008'),
		((SELECT DATE_ADD((SELECT CURDATE()), INTERVAL -85 DAY)), 58, '000000000000000008'),
		((SELECT DATE_ADD((SELECT CURDATE()), INTERVAL -90 DAY)), 50, '000000000000000008'),
		((SELECT DATE_ADD((SELECT CURDATE()), INTERVAL -95 DAY)), 43, '000000000000000008'),
		((SELECT DATE_ADD((SELECT CURDATE()), INTERVAL -100 DAY)), 42, '000000000000000008'),
		((SELECT DATE_ADD((SELECT CURDATE()), INTERVAL -105 DAY)), 41, '000000000000000008'),
		((SELECT DATE_ADD((SELECT CURDATE()), INTERVAL -110 DAY)), 40, '000000000000000008'),
		((SELECT DATE_ADD((SELECT CURDATE()), INTERVAL -115 DAY)), 35, '000000000000000008'),
		((SELECT DATE_ADD((SELECT CURDATE()), INTERVAL -120 DAY)), 30, '000000000000000008'),
		((SELECT DATE_ADD((SELECT CURDATE()), INTERVAL -125 DAY)), 25, '000000000000000008'),
		((SELECT DATE_ADD((SELECT CURDATE()), INTERVAL -130 DAY)), 12, '000000000000000008'),
		((SELECT DATE_ADD((SELECT CURDATE()), INTERVAL -135 DAY)), 5, '000000000000000008'),
		((SELECT DATE_ADD((SELECT CURDATE()), INTERVAL -140 DAY)), 4, '000000000000000008'),
		((SELECT DATE_ADD((SELECT CURDATE()), INTERVAL -145 DAY)), 3, '000000000000000008'),
		((SELECT CURDATE()), 13000, '000000000000000009'),
		((SELECT DATE_ADD((SELECT CURDATE()), INTERVAL -5 DAY)), 12457, '000000000000000009'),
		((SELECT DATE_ADD((SELECT CURDATE()), INTERVAL -10 DAY)), 12064, '000000000000000009'),
		((SELECT DATE_ADD((SELECT CURDATE()), INTERVAL -15 DAY)), 11686, '000000000000000009'),
		((SELECT DATE_ADD((SELECT CURDATE()), INTERVAL -20 DAY)), 10652, '000000000000000009'),
		((SELECT DATE_ADD((SELECT CURDATE()), INTERVAL -25 DAY)), 10179, '000000000000000009'),
		((SELECT DATE_ADD((SELECT CURDATE()), INTERVAL -30 DAY)), 9733, '000000000000000009'),
		((SELECT DATE_ADD((SELECT CURDATE()), INTERVAL -35 DAY)), 9178, '000000000000000009'),
		((SELECT DATE_ADD((SELECT CURDATE()), INTERVAL -40 DAY)), 8754, '000000000000000009'),
		((SELECT DATE_ADD((SELECT CURDATE()), INTERVAL -45 DAY)), 8432, '000000000000000009'),
		((SELECT DATE_ADD((SELECT CURDATE()), INTERVAL -50 DAY)), 8024, '000000000000000009'),
		((SELECT DATE_ADD((SELECT CURDATE()), INTERVAL -55 DAY)), 7689, '000000000000000009'),
		((SELECT DATE_ADD((SELECT CURDATE()), INTERVAL -60 DAY)), 7320, '000000000000000009'),
		((SELECT DATE_ADD((SELECT CURDATE()), INTERVAL -65 DAY)), 6879, '000000000000000009'),
		((SELECT DATE_ADD((SELECT CURDATE()), INTERVAL -70 DAY)), 6487, '000000000000000009'),
		((SELECT DATE_ADD((SELECT CURDATE()), INTERVAL -75 DAY)), 6041, '000000000000000009'),
		((SELECT DATE_ADD((SELECT CURDATE()), INTERVAL -80 DAY)), 5657, '000000000000000009'),
		((SELECT DATE_ADD((SELECT CURDATE()), INTERVAL -85 DAY)), 5238, '000000000000000009'),
		((SELECT DATE_ADD((SELECT CURDATE()), INTERVAL -90 DAY)), 4977, '000000000000000009'),
		((SELECT DATE_ADD((SELECT CURDATE()), INTERVAL -95 DAY)), 4519, '000000000000000009'),
		((SELECT DATE_ADD((SELECT CURDATE()), INTERVAL -100 DAY)), 4229, '000000000000000009'),
		((SELECT DATE_ADD((SELECT CURDATE()), INTERVAL -105 DAY)), 3852, '000000000000000009'),
		((SELECT DATE_ADD((SELECT CURDATE()), INTERVAL -110 DAY)), 3561, '000000000000000009'),
		((SELECT DATE_ADD((SELECT CURDATE()), INTERVAL -115 DAY)), 3282, '000000000000000009'),
		((SELECT DATE_ADD((SELECT CURDATE()), INTERVAL -120 DAY)), 3031, '000000000000000009'),
		((SELECT DATE_ADD((SELECT CURDATE()), INTERVAL -125 DAY)), 2763, '000000000000000009'),
		((SELECT DATE_ADD((SELECT CURDATE()), INTERVAL -130 DAY)), 2413, '000000000000000009'),
		((SELECT DATE_ADD((SELECT CURDATE()), INTERVAL -135 DAY)), 2059, '000000000000000009'),
		((SELECT DATE_ADD((SELECT CURDATE()), INTERVAL -140 DAY)), 1050, '000000000000000009'),
		((SELECT DATE_ADD((SELECT CURDATE()), INTERVAL -145 DAY)), 500, '000000000000000009'),		
		((SELECT CURDATE()), 1050, '000000000000000010'),
		((SELECT DATE_ADD((SELECT CURDATE()), INTERVAL -5 DAY)), 1030, '000000000000000010'),
		((SELECT DATE_ADD((SELECT CURDATE()), INTERVAL -10 DAY)), 1000, '000000000000000010'),
		((SELECT DATE_ADD((SELECT CURDATE()), INTERVAL -15 DAY)), 990, '000000000000000010'),
		((SELECT DATE_ADD((SELECT CURDATE()), INTERVAL -20 DAY)), 970, '000000000000000010'),
		((SELECT DATE_ADD((SELECT CURDATE()), INTERVAL -25 DAY)), 960, '000000000000000010'),
		((SELECT DATE_ADD((SELECT CURDATE()), INTERVAL -30 DAY)), 960, '000000000000000010'),
		((SELECT DATE_ADD((SELECT CURDATE()), INTERVAL -35 DAY)), 950, '000000000000000010'),
		((SELECT DATE_ADD((SELECT CURDATE()), INTERVAL -40 DAY)), 900, '000000000000000010'),
		((SELECT DATE_ADD((SELECT CURDATE()), INTERVAL -45 DAY)), 890, '000000000000000010'),
		((SELECT DATE_ADD((SELECT CURDATE()), INTERVAL -50 DAY)), 860, '000000000000000010'),
		((SELECT DATE_ADD((SELECT CURDATE()), INTERVAL -55 DAY)), 850, '000000000000000010'),
		((SELECT DATE_ADD((SELECT CURDATE()), INTERVAL -60 DAY)), 790, '000000000000000010'),
		((SELECT DATE_ADD((SELECT CURDATE()), INTERVAL -65 DAY)), 750, '000000000000000010'),
		((SELECT DATE_ADD((SELECT CURDATE()), INTERVAL -70 DAY)), 710, '000000000000000010'),
		((SELECT DATE_ADD((SELECT CURDATE()), INTERVAL -75 DAY)), 689, '000000000000000010'),
		((SELECT DATE_ADD((SELECT CURDATE()), INTERVAL -80 DAY)), 599, '000000000000000010'),
		((SELECT DATE_ADD((SELECT CURDATE()), INTERVAL -85 DAY)), 488, '000000000000000010'),
		((SELECT DATE_ADD((SELECT CURDATE()), INTERVAL -90 DAY)), 400, '000000000000000010'),
		((SELECT DATE_ADD((SELECT CURDATE()), INTERVAL -95 DAY)), 370, '000000000000000010'),
		((SELECT DATE_ADD((SELECT CURDATE()), INTERVAL -100 DAY)), 350, '000000000000000010'),
		((SELECT DATE_ADD((SELECT CURDATE()), INTERVAL -105 DAY)), 300, '000000000000000010'),
		((SELECT DATE_ADD((SELECT CURDATE()), INTERVAL -110 DAY)), 250, '000000000000000010'),
		((SELECT DATE_ADD((SELECT CURDATE()), INTERVAL -115 DAY)), 200, '000000000000000010'),
		((SELECT DATE_ADD((SELECT CURDATE()), INTERVAL -120 DAY)), 150, '000000000000000010'),
		((SELECT DATE_ADD((SELECT CURDATE()), INTERVAL -125 DAY)), 70, '000000000000000010'),
		((SELECT DATE_ADD((SELECT CURDATE()), INTERVAL -130 DAY)), 60, '000000000000000010'),
		((SELECT DATE_ADD((SELECT CURDATE()), INTERVAL -135 DAY)), 50, '000000000000000010'),
		((SELECT DATE_ADD((SELECT CURDATE()), INTERVAL -140 DAY)), 40, '000000000000000010'),
		((SELECT DATE_ADD((SELECT CURDATE()), INTERVAL -145 DAY)), 10, '000000000000000010'),
		((SELECT CURDATE()), 110, '000000000000000011'),
		((SELECT DATE_ADD((SELECT CURDATE()), INTERVAL -5 DAY)), 99, '000000000000000011'),
		((SELECT DATE_ADD((SELECT CURDATE()), INTERVAL -10 DAY)), 94, '000000000000000011'),
		((SELECT DATE_ADD((SELECT CURDATE()), INTERVAL -15 DAY)), 93, '000000000000000011'),
		((SELECT DATE_ADD((SELECT CURDATE()), INTERVAL -20 DAY)), 92, '000000000000000011'),
		((SELECT DATE_ADD((SELECT CURDATE()), INTERVAL -25 DAY)), 90, '000000000000000011'),
		((SELECT DATE_ADD((SELECT CURDATE()), INTERVAL -30 DAY)), 85, '000000000000000011'),
		((SELECT DATE_ADD((SELECT CURDATE()), INTERVAL -35 DAY)), 81, '000000000000000011'),
		((SELECT DATE_ADD((SELECT CURDATE()), INTERVAL -40 DAY)), 80, '000000000000000011'),
		((SELECT DATE_ADD((SELECT CURDATE()), INTERVAL -45 DAY)), 78, '000000000000000011'),
		((SELECT DATE_ADD((SELECT CURDATE()), INTERVAL -50 DAY)), 76, '000000000000000011'),
		((SELECT DATE_ADD((SELECT CURDATE()), INTERVAL -55 DAY)), 72, '000000000000000011'),
		((SELECT DATE_ADD((SELECT CURDATE()), INTERVAL -60 DAY)), 70, '000000000000000011'),
		((SELECT DATE_ADD((SELECT CURDATE()), INTERVAL -65 DAY)), 68, '000000000000000011'),
		((SELECT DATE_ADD((SELECT CURDATE()), INTERVAL -70 DAY)), 65, '000000000000000011'),
		((SELECT DATE_ADD((SELECT CURDATE()), INTERVAL -75 DAY)), 64, '000000000000000011'),
		((SELECT DATE_ADD((SELECT CURDATE()), INTERVAL -80 DAY)), 62, '000000000000000011'),
		((SELECT DATE_ADD((SELECT CURDATE()), INTERVAL -85 DAY)), 58, '000000000000000011'),
		((SELECT DATE_ADD((SELECT CURDATE()), INTERVAL -90 DAY)), 50, '000000000000000011'),
		((SELECT DATE_ADD((SELECT CURDATE()), INTERVAL -95 DAY)), 43, '000000000000000011'),
		((SELECT DATE_ADD((SELECT CURDATE()), INTERVAL -100 DAY)), 42, '000000000000000011'),
		((SELECT DATE_ADD((SELECT CURDATE()), INTERVAL -105 DAY)), 41, '000000000000000011'),
		((SELECT DATE_ADD((SELECT CURDATE()), INTERVAL -110 DAY)), 40, '000000000000000011'),
		((SELECT DATE_ADD((SELECT CURDATE()), INTERVAL -115 DAY)), 35, '000000000000000011'),
		((SELECT DATE_ADD((SELECT CURDATE()), INTERVAL -120 DAY)), 30, '000000000000000011'),
		((SELECT DATE_ADD((SELECT CURDATE()), INTERVAL -125 DAY)), 25, '000000000000000011'),
		((SELECT DATE_ADD((SELECT CURDATE()), INTERVAL -130 DAY)), 12, '000000000000000011'),
		((SELECT DATE_ADD((SELECT CURDATE()), INTERVAL -135 DAY)), 5, '000000000000000011'),
		((SELECT DATE_ADD((SELECT CURDATE()), INTERVAL -140 DAY)), 4, '000000000000000011'),
		((SELECT DATE_ADD((SELECT CURDATE()), INTERVAL -145 DAY)), 3, '000000000000000011'),
		((SELECT CURDATE()), 13000, '000000000000000012'),
		((SELECT DATE_ADD((SELECT CURDATE()), INTERVAL -5 DAY)), 12457, '000000000000000012'),
		((SELECT DATE_ADD((SELECT CURDATE()), INTERVAL -10 DAY)), 12064, '000000000000000012'),
		((SELECT DATE_ADD((SELECT CURDATE()), INTERVAL -15 DAY)), 11686, '000000000000000012'),
		((SELECT DATE_ADD((SELECT CURDATE()), INTERVAL -20 DAY)), 10652, '000000000000000012'),
		((SELECT DATE_ADD((SELECT CURDATE()), INTERVAL -25 DAY)), 10179, '000000000000000012'),
		((SELECT DATE_ADD((SELECT CURDATE()), INTERVAL -30 DAY)), 9733, '000000000000000012'),
		((SELECT DATE_ADD((SELECT CURDATE()), INTERVAL -35 DAY)), 9178, '000000000000000012'),
		((SELECT DATE_ADD((SELECT CURDATE()), INTERVAL -40 DAY)), 8754, '000000000000000012'),
		((SELECT DATE_ADD((SELECT CURDATE()), INTERVAL -45 DAY)), 8432, '000000000000000012'),
		((SELECT DATE_ADD((SELECT CURDATE()), INTERVAL -50 DAY)), 8024, '000000000000000012'),
		((SELECT DATE_ADD((SELECT CURDATE()), INTERVAL -55 DAY)), 7689, '000000000000000012'),
		((SELECT DATE_ADD((SELECT CURDATE()), INTERVAL -60 DAY)), 7320, '000000000000000012'),
		((SELECT DATE_ADD((SELECT CURDATE()), INTERVAL -65 DAY)), 6879, '000000000000000012'),
		((SELECT DATE_ADD((SELECT CURDATE()), INTERVAL -70 DAY)), 6487, '000000000000000012'),
		((SELECT DATE_ADD((SELECT CURDATE()), INTERVAL -75 DAY)), 6041, '000000000000000012'),
		((SELECT DATE_ADD((SELECT CURDATE()), INTERVAL -80 DAY)), 5657, '000000000000000012'),
		((SELECT DATE_ADD((SELECT CURDATE()), INTERVAL -85 DAY)), 5238, '000000000000000012'),
		((SELECT DATE_ADD((SELECT CURDATE()), INTERVAL -90 DAY)), 4977, '000000000000000012'),
		((SELECT DATE_ADD((SELECT CURDATE()), INTERVAL -95 DAY)), 4519, '000000000000000012'),
		((SELECT DATE_ADD((SELECT CURDATE()), INTERVAL -100 DAY)), 4229, '000000000000000012'),
		((SELECT DATE_ADD((SELECT CURDATE()), INTERVAL -105 DAY)), 3852, '000000000000000012'),
		((SELECT DATE_ADD((SELECT CURDATE()), INTERVAL -110 DAY)), 3561, '000000000000000012'),
		((SELECT DATE_ADD((SELECT CURDATE()), INTERVAL -115 DAY)), 3282, '000000000000000012'),
		((SELECT DATE_ADD((SELECT CURDATE()), INTERVAL -120 DAY)), 3031, '000000000000000012'),
		((SELECT DATE_ADD((SELECT CURDATE()), INTERVAL -125 DAY)), 2763, '000000000000000012'),
		((SELECT DATE_ADD((SELECT CURDATE()), INTERVAL -130 DAY)), 2413, '000000000000000012'),
		((SELECT DATE_ADD((SELECT CURDATE()), INTERVAL -135 DAY)), 2059, '000000000000000012'),
		((SELECT DATE_ADD((SELECT CURDATE()), INTERVAL -140 DAY)), 1050, '000000000000000012'),
		((SELECT DATE_ADD((SELECT CURDATE()), INTERVAL -145 DAY)), 500, '000000000000000012'),
		((SELECT CURDATE()), 1050, '000000000000000013'),
		((SELECT DATE_ADD((SELECT CURDATE()), INTERVAL -5 DAY)), 1030, '000000000000000013'),
		((SELECT DATE_ADD((SELECT CURDATE()), INTERVAL -10 DAY)), 1000, '000000000000000013'),
		((SELECT DATE_ADD((SELECT CURDATE()), INTERVAL -15 DAY)), 990, '000000000000000013'),
		((SELECT DATE_ADD((SELECT CURDATE()), INTERVAL -20 DAY)), 970, '000000000000000013'),
		((SELECT DATE_ADD((SELECT CURDATE()), INTERVAL -25 DAY)), 960, '000000000000000013'),
		((SELECT DATE_ADD((SELECT CURDATE()), INTERVAL -30 DAY)), 960, '000000000000000013'),
		((SELECT DATE_ADD((SELECT CURDATE()), INTERVAL -35 DAY)), 950, '000000000000000013'),
		((SELECT DATE_ADD((SELECT CURDATE()), INTERVAL -40 DAY)), 900, '000000000000000013'),
		((SELECT DATE_ADD((SELECT CURDATE()), INTERVAL -45 DAY)), 890, '000000000000000013'),
		((SELECT DATE_ADD((SELECT CURDATE()), INTERVAL -50 DAY)), 860, '000000000000000013'),
		((SELECT DATE_ADD((SELECT CURDATE()), INTERVAL -55 DAY)), 850, '000000000000000013'),
		((SELECT DATE_ADD((SELECT CURDATE()), INTERVAL -60 DAY)), 790, '000000000000000013'),
		((SELECT DATE_ADD((SELECT CURDATE()), INTERVAL -65 DAY)), 750, '000000000000000013'),
		((SELECT DATE_ADD((SELECT CURDATE()), INTERVAL -70 DAY)), 710, '000000000000000013'),
		((SELECT DATE_ADD((SELECT CURDATE()), INTERVAL -75 DAY)), 689, '000000000000000013'),
		((SELECT DATE_ADD((SELECT CURDATE()), INTERVAL -80 DAY)), 599, '000000000000000013'),
		((SELECT DATE_ADD((SELECT CURDATE()), INTERVAL -85 DAY)), 488, '000000000000000013'),
		((SELECT DATE_ADD((SELECT CURDATE()), INTERVAL -90 DAY)), 400, '000000000000000013'),
		((SELECT DATE_ADD((SELECT CURDATE()), INTERVAL -95 DAY)), 370, '000000000000000013'),
		((SELECT DATE_ADD((SELECT CURDATE()), INTERVAL -100 DAY)), 350, '000000000000000013'),
		((SELECT DATE_ADD((SELECT CURDATE()), INTERVAL -105 DAY)), 300, '000000000000000013'),
		((SELECT DATE_ADD((SELECT CURDATE()), INTERVAL -110 DAY)), 250, '000000000000000013'),
		((SELECT DATE_ADD((SELECT CURDATE()), INTERVAL -115 DAY)), 200, '000000000000000013'),
		((SELECT DATE_ADD((SELECT CURDATE()), INTERVAL -120 DAY)), 150, '000000000000000013'),
		((SELECT DATE_ADD((SELECT CURDATE()), INTERVAL -125 DAY)), 70, '000000000000000013'),
		((SELECT DATE_ADD((SELECT CURDATE()), INTERVAL -130 DAY)), 60, '000000000000000013'),
		((SELECT DATE_ADD((SELECT CURDATE()), INTERVAL -135 DAY)), 50, '000000000000000013'),
		((SELECT DATE_ADD((SELECT CURDATE()), INTERVAL -140 DAY)), 40, '000000000000000013'),
		((SELECT DATE_ADD((SELECT CURDATE()), INTERVAL -145 DAY)), 10, '000000000000000013'),
		((SELECT CURDATE()), 110, '000000000000000014'),
		((SELECT DATE_ADD((SELECT CURDATE()), INTERVAL -5 DAY)), 99, '000000000000000014'),
		((SELECT DATE_ADD((SELECT CURDATE()), INTERVAL -10 DAY)), 94, '000000000000000014'),
		((SELECT DATE_ADD((SELECT CURDATE()), INTERVAL -15 DAY)), 93, '000000000000000014'),
		((SELECT DATE_ADD((SELECT CURDATE()), INTERVAL -20 DAY)), 92, '000000000000000014'),
		((SELECT DATE_ADD((SELECT CURDATE()), INTERVAL -25 DAY)), 90, '000000000000000014'),
		((SELECT DATE_ADD((SELECT CURDATE()), INTERVAL -30 DAY)), 85, '000000000000000014'),
		((SELECT DATE_ADD((SELECT CURDATE()), INTERVAL -35 DAY)), 81, '000000000000000014'),
		((SELECT DATE_ADD((SELECT CURDATE()), INTERVAL -40 DAY)), 80, '000000000000000014'),
		((SELECT DATE_ADD((SELECT CURDATE()), INTERVAL -45 DAY)), 78, '000000000000000014'),
		((SELECT DATE_ADD((SELECT CURDATE()), INTERVAL -50 DAY)), 76, '000000000000000014'),
		((SELECT DATE_ADD((SELECT CURDATE()), INTERVAL -55 DAY)), 72, '000000000000000014'),
		((SELECT DATE_ADD((SELECT CURDATE()), INTERVAL -60 DAY)), 70, '000000000000000014'),
		((SELECT DATE_ADD((SELECT CURDATE()), INTERVAL -65 DAY)), 68, '000000000000000014'),
		((SELECT DATE_ADD((SELECT CURDATE()), INTERVAL -70 DAY)), 65, '000000000000000014'),
		((SELECT DATE_ADD((SELECT CURDATE()), INTERVAL -75 DAY)), 64, '000000000000000014'),
		((SELECT DATE_ADD((SELECT CURDATE()), INTERVAL -80 DAY)), 62, '000000000000000014'),
		((SELECT DATE_ADD((SELECT CURDATE()), INTERVAL -85 DAY)), 58, '000000000000000014'),
		((SELECT DATE_ADD((SELECT CURDATE()), INTERVAL -90 DAY)), 50, '000000000000000014'),
		((SELECT DATE_ADD((SELECT CURDATE()), INTERVAL -95 DAY)), 43, '000000000000000014'),
		((SELECT DATE_ADD((SELECT CURDATE()), INTERVAL -100 DAY)), 42, '000000000000000014'),
		((SELECT DATE_ADD((SELECT CURDATE()), INTERVAL -105 DAY)), 41, '000000000000000014'),
		((SELECT DATE_ADD((SELECT CURDATE()), INTERVAL -110 DAY)), 40, '000000000000000014'),
		((SELECT DATE_ADD((SELECT CURDATE()), INTERVAL -115 DAY)), 35, '000000000000000014'),
		((SELECT DATE_ADD((SELECT CURDATE()), INTERVAL -120 DAY)), 30, '000000000000000014'),
		((SELECT DATE_ADD((SELECT CURDATE()), INTERVAL -125 DAY)), 25, '000000000000000014'),
		((SELECT DATE_ADD((SELECT CURDATE()), INTERVAL -130 DAY)), 12, '000000000000000014'),
		((SELECT DATE_ADD((SELECT CURDATE()), INTERVAL -135 DAY)), 5, '000000000000000014'),
		((SELECT DATE_ADD((SELECT CURDATE()), INTERVAL -140 DAY)), 4, '000000000000000014'),
		((SELECT DATE_ADD((SELECT CURDATE()), INTERVAL -145 DAY)), 3, '000000000000000014'),
		((SELECT CURDATE()), 13000, '000000000000000015'),
		((SELECT DATE_ADD((SELECT CURDATE()), INTERVAL -5 DAY)), 12457, '000000000000000015'),
		((SELECT DATE_ADD((SELECT CURDATE()), INTERVAL -10 DAY)), 12064, '000000000000000015'),
		((SELECT DATE_ADD((SELECT CURDATE()), INTERVAL -15 DAY)), 11686, '000000000000000015'),
		((SELECT DATE_ADD((SELECT CURDATE()), INTERVAL -20 DAY)), 10652, '000000000000000015'),
		((SELECT DATE_ADD((SELECT CURDATE()), INTERVAL -25 DAY)), 10179, '000000000000000015'),
		((SELECT DATE_ADD((SELECT CURDATE()), INTERVAL -30 DAY)), 9733, '000000000000000015'),
		((SELECT DATE_ADD((SELECT CURDATE()), INTERVAL -35 DAY)), 9178, '000000000000000015'),
		((SELECT DATE_ADD((SELECT CURDATE()), INTERVAL -40 DAY)), 8754, '000000000000000015'),
		((SELECT DATE_ADD((SELECT CURDATE()), INTERVAL -45 DAY)), 8432, '000000000000000015'),
		((SELECT DATE_ADD((SELECT CURDATE()), INTERVAL -50 DAY)), 8024, '000000000000000015'),
		((SELECT DATE_ADD((SELECT CURDATE()), INTERVAL -55 DAY)), 7689, '000000000000000015'),
		((SELECT DATE_ADD((SELECT CURDATE()), INTERVAL -60 DAY)), 7320, '000000000000000015'),
		((SELECT DATE_ADD((SELECT CURDATE()), INTERVAL -65 DAY)), 6879, '000000000000000015'),
		((SELECT DATE_ADD((SELECT CURDATE()), INTERVAL -70 DAY)), 6487, '000000000000000015'),
		((SELECT DATE_ADD((SELECT CURDATE()), INTERVAL -75 DAY)), 6041, '000000000000000015'),
		((SELECT DATE_ADD((SELECT CURDATE()), INTERVAL -80 DAY)), 5657, '000000000000000015'),
		((SELECT DATE_ADD((SELECT CURDATE()), INTERVAL -85 DAY)), 5238, '000000000000000015'),
		((SELECT DATE_ADD((SELECT CURDATE()), INTERVAL -90 DAY)), 4977, '000000000000000015'),
		((SELECT DATE_ADD((SELECT CURDATE()), INTERVAL -95 DAY)), 4519, '000000000000000015'),
		((SELECT DATE_ADD((SELECT CURDATE()), INTERVAL -100 DAY)), 4229, '000000000000000015'),
		((SELECT DATE_ADD((SELECT CURDATE()), INTERVAL -105 DAY)), 3852, '000000000000000015'),
		((SELECT DATE_ADD((SELECT CURDATE()), INTERVAL -110 DAY)), 3561, '000000000000000015'),
		((SELECT DATE_ADD((SELECT CURDATE()), INTERVAL -115 DAY)), 3282, '000000000000000015'),
		((SELECT DATE_ADD((SELECT CURDATE()), INTERVAL -120 DAY)), 3031, '000000000000000015'),
		((SELECT DATE_ADD((SELECT CURDATE()), INTERVAL -125 DAY)), 2763, '000000000000000015'),
		((SELECT DATE_ADD((SELECT CURDATE()), INTERVAL -130 DAY)), 2413, '000000000000000015'),
		((SELECT DATE_ADD((SELECT CURDATE()), INTERVAL -135 DAY)), 2059, '000000000000000015'),
		((SELECT DATE_ADD((SELECT CURDATE()), INTERVAL -140 DAY)), 1050, '000000000000000015'),
		((SELECT DATE_ADD((SELECT CURDATE()), INTERVAL -145 DAY)), 500, '000000000000000015'),
		((SELECT CURDATE()), 1050, '000000000000000016'),
		((SELECT DATE_ADD((SELECT CURDATE()), INTERVAL -5 DAY)), 1030, '000000000000000016'),
		((SELECT DATE_ADD((SELECT CURDATE()), INTERVAL -10 DAY)), 1000, '000000000000000016'),
		((SELECT DATE_ADD((SELECT CURDATE()), INTERVAL -15 DAY)), 990, '000000000000000016'),
		((SELECT DATE_ADD((SELECT CURDATE()), INTERVAL -20 DAY)), 970, '000000000000000016'),
		((SELECT DATE_ADD((SELECT CURDATE()), INTERVAL -25 DAY)), 960, '000000000000000016'),
		((SELECT DATE_ADD((SELECT CURDATE()), INTERVAL -30 DAY)), 960, '000000000000000016'),
		((SELECT DATE_ADD((SELECT CURDATE()), INTERVAL -35 DAY)), 950, '000000000000000016'),
		((SELECT DATE_ADD((SELECT CURDATE()), INTERVAL -40 DAY)), 900, '000000000000000016'),
		((SELECT DATE_ADD((SELECT CURDATE()), INTERVAL -45 DAY)), 890, '000000000000000016'),
		((SELECT DATE_ADD((SELECT CURDATE()), INTERVAL -50 DAY)), 860, '000000000000000016'),
		((SELECT DATE_ADD((SELECT CURDATE()), INTERVAL -55 DAY)), 850, '000000000000000016'),
		((SELECT DATE_ADD((SELECT CURDATE()), INTERVAL -60 DAY)), 790, '000000000000000016'),
		((SELECT DATE_ADD((SELECT CURDATE()), INTERVAL -65 DAY)), 750, '000000000000000016'),
		((SELECT DATE_ADD((SELECT CURDATE()), INTERVAL -70 DAY)), 710, '000000000000000016'),
		((SELECT DATE_ADD((SELECT CURDATE()), INTERVAL -75 DAY)), 689, '000000000000000016'),
		((SELECT DATE_ADD((SELECT CURDATE()), INTERVAL -80 DAY)), 599, '000000000000000016'),
		((SELECT DATE_ADD((SELECT CURDATE()), INTERVAL -85 DAY)), 488, '000000000000000016'),
		((SELECT DATE_ADD((SELECT CURDATE()), INTERVAL -90 DAY)), 400, '000000000000000016'),
		((SELECT DATE_ADD((SELECT CURDATE()), INTERVAL -95 DAY)), 370, '000000000000000016'),
		((SELECT DATE_ADD((SELECT CURDATE()), INTERVAL -100 DAY)), 350, '000000000000000016'),
		((SELECT DATE_ADD((SELECT CURDATE()), INTERVAL -105 DAY)), 300, '000000000000000016'),
		((SELECT DATE_ADD((SELECT CURDATE()), INTERVAL -110 DAY)), 250, '000000000000000016'),
		((SELECT DATE_ADD((SELECT CURDATE()), INTERVAL -115 DAY)), 200, '000000000000000016'),
		((SELECT DATE_ADD((SELECT CURDATE()), INTERVAL -120 DAY)), 150, '000000000000000016'),
		((SELECT DATE_ADD((SELECT CURDATE()), INTERVAL -125 DAY)), 70, '000000000000000016'),
		((SELECT DATE_ADD((SELECT CURDATE()), INTERVAL -130 DAY)), 60, '000000000000000016'),
		((SELECT DATE_ADD((SELECT CURDATE()), INTERVAL -135 DAY)), 50, '000000000000000016'),
		((SELECT DATE_ADD((SELECT CURDATE()), INTERVAL -140 DAY)), 40, '000000000000000016'),
		((SELECT DATE_ADD((SELECT CURDATE()), INTERVAL -145 DAY)), 10, '000000000000000016'),
		((SELECT CURDATE()), 110, '000000000000000017'),
		((SELECT DATE_ADD((SELECT CURDATE()), INTERVAL -5 DAY)), 99, '000000000000000017'),
		((SELECT DATE_ADD((SELECT CURDATE()), INTERVAL -10 DAY)), 94, '000000000000000017'),
		((SELECT DATE_ADD((SELECT CURDATE()), INTERVAL -15 DAY)), 93, '000000000000000017'),
		((SELECT DATE_ADD((SELECT CURDATE()), INTERVAL -20 DAY)), 92, '000000000000000017'),
		((SELECT DATE_ADD((SELECT CURDATE()), INTERVAL -25 DAY)), 90, '000000000000000017'),
		((SELECT DATE_ADD((SELECT CURDATE()), INTERVAL -30 DAY)), 85, '000000000000000017'),
		((SELECT DATE_ADD((SELECT CURDATE()), INTERVAL -35 DAY)), 81, '000000000000000017'),
		((SELECT DATE_ADD((SELECT CURDATE()), INTERVAL -40 DAY)), 80, '000000000000000017'),
		((SELECT DATE_ADD((SELECT CURDATE()), INTERVAL -45 DAY)), 78, '000000000000000017'),
		((SELECT DATE_ADD((SELECT CURDATE()), INTERVAL -50 DAY)), 76, '000000000000000017'),
		((SELECT DATE_ADD((SELECT CURDATE()), INTERVAL -55 DAY)), 72, '000000000000000017'),
		((SELECT DATE_ADD((SELECT CURDATE()), INTERVAL -60 DAY)), 70, '000000000000000017'),
		((SELECT DATE_ADD((SELECT CURDATE()), INTERVAL -65 DAY)), 68, '000000000000000017'),
		((SELECT DATE_ADD((SELECT CURDATE()), INTERVAL -70 DAY)), 65, '000000000000000017'),
		((SELECT DATE_ADD((SELECT CURDATE()), INTERVAL -75 DAY)), 64, '000000000000000017'),
		((SELECT DATE_ADD((SELECT CURDATE()), INTERVAL -80 DAY)), 62, '000000000000000017'),
		((SELECT DATE_ADD((SELECT CURDATE()), INTERVAL -85 DAY)), 58, '000000000000000017'),
		((SELECT DATE_ADD((SELECT CURDATE()), INTERVAL -90 DAY)), 50, '000000000000000017'),
		((SELECT DATE_ADD((SELECT CURDATE()), INTERVAL -95 DAY)), 43, '000000000000000017'),
		((SELECT DATE_ADD((SELECT CURDATE()), INTERVAL -100 DAY)), 42, '000000000000000017'),
		((SELECT DATE_ADD((SELECT CURDATE()), INTERVAL -105 DAY)), 41, '000000000000000017'),
		((SELECT DATE_ADD((SELECT CURDATE()), INTERVAL -110 DAY)), 40, '000000000000000017'),
		((SELECT DATE_ADD((SELECT CURDATE()), INTERVAL -115 DAY)), 35, '000000000000000017'),
		((SELECT DATE_ADD((SELECT CURDATE()), INTERVAL -120 DAY)), 30, '000000000000000017'),
		((SELECT DATE_ADD((SELECT CURDATE()), INTERVAL -125 DAY)), 25, '000000000000000017'),
		((SELECT DATE_ADD((SELECT CURDATE()), INTERVAL -130 DAY)), 12, '000000000000000017'),
		((SELECT DATE_ADD((SELECT CURDATE()), INTERVAL -135 DAY)), 5, '000000000000000017'),
		((SELECT DATE_ADD((SELECT CURDATE()), INTERVAL -140 DAY)), 4, '000000000000000017'),
		((SELECT DATE_ADD((SELECT CURDATE()), INTERVAL -145 DAY)), 3, '000000000000000017'),
		((SELECT CURDATE()), 13000, '000000000000000018'),
		((SELECT DATE_ADD((SELECT CURDATE()), INTERVAL -5 DAY)), 12457, '000000000000000018'),
		((SELECT DATE_ADD((SELECT CURDATE()), INTERVAL -10 DAY)), 12064, '000000000000000018'),
		((SELECT DATE_ADD((SELECT CURDATE()), INTERVAL -15 DAY)), 11686, '000000000000000018'),
		((SELECT DATE_ADD((SELECT CURDATE()), INTERVAL -20 DAY)), 10652, '000000000000000018'),
		((SELECT DATE_ADD((SELECT CURDATE()), INTERVAL -25 DAY)), 10179, '000000000000000018'),
		((SELECT DATE_ADD((SELECT CURDATE()), INTERVAL -30 DAY)), 9733, '000000000000000018'),
		((SELECT DATE_ADD((SELECT CURDATE()), INTERVAL -35 DAY)), 9178, '000000000000000018'),
		((SELECT DATE_ADD((SELECT CURDATE()), INTERVAL -40 DAY)), 8754, '000000000000000018'),
		((SELECT DATE_ADD((SELECT CURDATE()), INTERVAL -45 DAY)), 8432, '000000000000000018'),
		((SELECT DATE_ADD((SELECT CURDATE()), INTERVAL -50 DAY)), 8024, '000000000000000018'),
		((SELECT DATE_ADD((SELECT CURDATE()), INTERVAL -55 DAY)), 7689, '000000000000000018'),
		((SELECT DATE_ADD((SELECT CURDATE()), INTERVAL -60 DAY)), 7320, '000000000000000018'),
		((SELECT DATE_ADD((SELECT CURDATE()), INTERVAL -65 DAY)), 6879, '000000000000000018'),
		((SELECT DATE_ADD((SELECT CURDATE()), INTERVAL -70 DAY)), 6487, '000000000000000018'),
		((SELECT DATE_ADD((SELECT CURDATE()), INTERVAL -75 DAY)), 6041, '000000000000000018'),
		((SELECT DATE_ADD((SELECT CURDATE()), INTERVAL -80 DAY)), 5657, '000000000000000018'),
		((SELECT DATE_ADD((SELECT CURDATE()), INTERVAL -85 DAY)), 5238, '000000000000000018'),
		((SELECT DATE_ADD((SELECT CURDATE()), INTERVAL -90 DAY)), 4977, '000000000000000018'),
		((SELECT DATE_ADD((SELECT CURDATE()), INTERVAL -95 DAY)), 4519, '000000000000000018'),
		((SELECT DATE_ADD((SELECT CURDATE()), INTERVAL -100 DAY)), 4229, '000000000000000018'),
		((SELECT DATE_ADD((SELECT CURDATE()), INTERVAL -105 DAY)), 3852, '000000000000000018'),
		((SELECT DATE_ADD((SELECT CURDATE()), INTERVAL -110 DAY)), 3561, '000000000000000018'),
		((SELECT DATE_ADD((SELECT CURDATE()), INTERVAL -115 DAY)), 3282, '000000000000000018'),
		((SELECT DATE_ADD((SELECT CURDATE()), INTERVAL -120 DAY)), 3031, '000000000000000018'),
		((SELECT DATE_ADD((SELECT CURDATE()), INTERVAL -125 DAY)), 2763, '000000000000000018'),
		((SELECT DATE_ADD((SELECT CURDATE()), INTERVAL -130 DAY)), 2413, '000000000000000018'),
		((SELECT DATE_ADD((SELECT CURDATE()), INTERVAL -135 DAY)), 2059, '000000000000000018'),
		((SELECT DATE_ADD((SELECT CURDATE()), INTERVAL -140 DAY)), 1050, '000000000000000018'),
		((SELECT DATE_ADD((SELECT CURDATE()), INTERVAL -145 DAY)), 500, '000000000000000018'),
		((SELECT CURDATE()), 1050, '000000000000000019'),
		((SELECT DATE_ADD((SELECT CURDATE()), INTERVAL -5 DAY)), 1030, '000000000000000019'),
		((SELECT DATE_ADD((SELECT CURDATE()), INTERVAL -10 DAY)), 1000, '000000000000000019'),
		((SELECT DATE_ADD((SELECT CURDATE()), INTERVAL -15 DAY)), 990, '000000000000000019'),
		((SELECT DATE_ADD((SELECT CURDATE()), INTERVAL -20 DAY)), 970, '000000000000000019'),
		((SELECT DATE_ADD((SELECT CURDATE()), INTERVAL -25 DAY)), 960, '000000000000000019'),
		((SELECT DATE_ADD((SELECT CURDATE()), INTERVAL -30 DAY)), 960, '000000000000000019'),
		((SELECT DATE_ADD((SELECT CURDATE()), INTERVAL -35 DAY)), 950, '000000000000000019'),
		((SELECT DATE_ADD((SELECT CURDATE()), INTERVAL -40 DAY)), 900, '000000000000000019'),
		((SELECT DATE_ADD((SELECT CURDATE()), INTERVAL -45 DAY)), 890, '000000000000000019'),
		((SELECT DATE_ADD((SELECT CURDATE()), INTERVAL -50 DAY)), 860, '000000000000000019'),
		((SELECT DATE_ADD((SELECT CURDATE()), INTERVAL -55 DAY)), 850, '000000000000000019'),
		((SELECT DATE_ADD((SELECT CURDATE()), INTERVAL -60 DAY)), 790, '000000000000000019'),
		((SELECT DATE_ADD((SELECT CURDATE()), INTERVAL -65 DAY)), 750, '000000000000000019'),
		((SELECT DATE_ADD((SELECT CURDATE()), INTERVAL -70 DAY)), 710, '000000000000000019'),
		((SELECT DATE_ADD((SELECT CURDATE()), INTERVAL -75 DAY)), 689, '000000000000000019'),
		((SELECT DATE_ADD((SELECT CURDATE()), INTERVAL -80 DAY)), 599, '000000000000000019'),
		((SELECT DATE_ADD((SELECT CURDATE()), INTERVAL -85 DAY)), 488, '000000000000000019'),
		((SELECT DATE_ADD((SELECT CURDATE()), INTERVAL -90 DAY)), 400, '000000000000000019'),
		((SELECT DATE_ADD((SELECT CURDATE()), INTERVAL -95 DAY)), 370, '000000000000000019'),
		((SELECT DATE_ADD((SELECT CURDATE()), INTERVAL -100 DAY)), 350, '000000000000000019'),
		((SELECT DATE_ADD((SELECT CURDATE()), INTERVAL -105 DAY)), 300, '000000000000000019'),
		((SELECT DATE_ADD((SELECT CURDATE()), INTERVAL -110 DAY)), 250, '000000000000000019'),
		((SELECT DATE_ADD((SELECT CURDATE()), INTERVAL -115 DAY)), 200, '000000000000000019'),
		((SELECT DATE_ADD((SELECT CURDATE()), INTERVAL -120 DAY)), 150, '000000000000000019'),
		((SELECT DATE_ADD((SELECT CURDATE()), INTERVAL -125 DAY)), 70, '000000000000000019'),
		((SELECT DATE_ADD((SELECT CURDATE()), INTERVAL -130 DAY)), 60, '000000000000000019'),
		((SELECT DATE_ADD((SELECT CURDATE()), INTERVAL -135 DAY)), 50, '000000000000000019'),
		((SELECT DATE_ADD((SELECT CURDATE()), INTERVAL -140 DAY)), 40, '000000000000000019'),
		((SELECT DATE_ADD((SELECT CURDATE()), INTERVAL -145 DAY)), 10, '000000000000000019'),
		((SELECT CURDATE()), 110, '000000000000000020'),
		((SELECT DATE_ADD((SELECT CURDATE()), INTERVAL -5 DAY)), 99, '000000000000000020'),
		((SELECT DATE_ADD((SELECT CURDATE()), INTERVAL -10 DAY)), 94, '000000000000000020'),
		((SELECT DATE_ADD((SELECT CURDATE()), INTERVAL -15 DAY)), 93, '000000000000000020'),
		((SELECT DATE_ADD((SELECT CURDATE()), INTERVAL -20 DAY)), 92, '000000000000000020'),
		((SELECT DATE_ADD((SELECT CURDATE()), INTERVAL -25 DAY)), 90, '000000000000000020'),
		((SELECT DATE_ADD((SELECT CURDATE()), INTERVAL -30 DAY)), 85, '000000000000000020'),
		((SELECT DATE_ADD((SELECT CURDATE()), INTERVAL -35 DAY)), 81, '000000000000000020'),
		((SELECT DATE_ADD((SELECT CURDATE()), INTERVAL -40 DAY)), 80, '000000000000000020'),
		((SELECT DATE_ADD((SELECT CURDATE()), INTERVAL -45 DAY)), 78, '000000000000000020'),
		((SELECT DATE_ADD((SELECT CURDATE()), INTERVAL -50 DAY)), 76, '000000000000000020'),
		((SELECT DATE_ADD((SELECT CURDATE()), INTERVAL -55 DAY)), 72, '000000000000000020'),
		((SELECT DATE_ADD((SELECT CURDATE()), INTERVAL -60 DAY)), 70, '000000000000000020'),
		((SELECT DATE_ADD((SELECT CURDATE()), INTERVAL -65 DAY)), 68, '000000000000000020'),
		((SELECT DATE_ADD((SELECT CURDATE()), INTERVAL -70 DAY)), 65, '000000000000000020'),
		((SELECT DATE_ADD((SELECT CURDATE()), INTERVAL -75 DAY)), 64, '000000000000000020'),
		((SELECT DATE_ADD((SELECT CURDATE()), INTERVAL -80 DAY)), 62, '000000000000000020'),
		((SELECT DATE_ADD((SELECT CURDATE()), INTERVAL -85 DAY)), 58, '000000000000000020'),
		((SELECT DATE_ADD((SELECT CURDATE()), INTERVAL -90 DAY)), 50, '000000000000000020'),
		((SELECT DATE_ADD((SELECT CURDATE()), INTERVAL -95 DAY)), 43, '000000000000000020'),
		((SELECT DATE_ADD((SELECT CURDATE()), INTERVAL -100 DAY)), 42, '000000000000000020'),
		((SELECT DATE_ADD((SELECT CURDATE()), INTERVAL -105 DAY)), 41, '000000000000000020'),
		((SELECT DATE_ADD((SELECT CURDATE()), INTERVAL -110 DAY)), 40, '000000000000000020'),
		((SELECT DATE_ADD((SELECT CURDATE()), INTERVAL -115 DAY)), 35, '000000000000000020'),
		((SELECT DATE_ADD((SELECT CURDATE()), INTERVAL -120 DAY)), 30, '000000000000000020'),
		((SELECT DATE_ADD((SELECT CURDATE()), INTERVAL -125 DAY)), 25, '000000000000000020'),
		((SELECT DATE_ADD((SELECT CURDATE()), INTERVAL -130 DAY)), 12, '000000000000000020'),
		((SELECT DATE_ADD((SELECT CURDATE()), INTERVAL -135 DAY)), 5, '000000000000000020'),
		((SELECT DATE_ADD((SELECT CURDATE()), INTERVAL -140 DAY)), 4, '000000000000000020'),
		((SELECT DATE_ADD((SELECT CURDATE()), INTERVAL -145 DAY)), 3, '000000000000000020'),
		((SELECT CURDATE()), 13000, '000000000000000021'),
		((SELECT DATE_ADD((SELECT CURDATE()), INTERVAL -5 DAY)), 12457, '000000000000000021'),
		((SELECT DATE_ADD((SELECT CURDATE()), INTERVAL -10 DAY)), 12064, '000000000000000021'),
		((SELECT DATE_ADD((SELECT CURDATE()), INTERVAL -15 DAY)), 11686, '000000000000000021'),
		((SELECT DATE_ADD((SELECT CURDATE()), INTERVAL -20 DAY)), 10652, '000000000000000021'),
		((SELECT DATE_ADD((SELECT CURDATE()), INTERVAL -25 DAY)), 10179, '000000000000000021'),
		((SELECT DATE_ADD((SELECT CURDATE()), INTERVAL -30 DAY)), 9733, '000000000000000021'),
		((SELECT DATE_ADD((SELECT CURDATE()), INTERVAL -35 DAY)), 9178, '000000000000000021'),
		((SELECT DATE_ADD((SELECT CURDATE()), INTERVAL -40 DAY)), 8754, '000000000000000021'),
		((SELECT DATE_ADD((SELECT CURDATE()), INTERVAL -45 DAY)), 8432, '000000000000000021'),
		((SELECT DATE_ADD((SELECT CURDATE()), INTERVAL -50 DAY)), 8024, '000000000000000021'),
		((SELECT DATE_ADD((SELECT CURDATE()), INTERVAL -55 DAY)), 7689, '000000000000000021'),
		((SELECT DATE_ADD((SELECT CURDATE()), INTERVAL -60 DAY)), 7320, '000000000000000021'),
		((SELECT DATE_ADD((SELECT CURDATE()), INTERVAL -65 DAY)), 6879, '000000000000000021'),
		((SELECT DATE_ADD((SELECT CURDATE()), INTERVAL -70 DAY)), 6487, '000000000000000021'),
		((SELECT DATE_ADD((SELECT CURDATE()), INTERVAL -75 DAY)), 6041, '000000000000000021'),
		((SELECT DATE_ADD((SELECT CURDATE()), INTERVAL -80 DAY)), 5657, '000000000000000021'),
		((SELECT DATE_ADD((SELECT CURDATE()), INTERVAL -85 DAY)), 5238, '000000000000000021'),
		((SELECT DATE_ADD((SELECT CURDATE()), INTERVAL -90 DAY)), 4977, '000000000000000021'),
		((SELECT DATE_ADD((SELECT CURDATE()), INTERVAL -95 DAY)), 4519, '000000000000000021'),
		((SELECT DATE_ADD((SELECT CURDATE()), INTERVAL -100 DAY)), 4229, '000000000000000021'),
		((SELECT DATE_ADD((SELECT CURDATE()), INTERVAL -105 DAY)), 3852, '000000000000000021'),
		((SELECT DATE_ADD((SELECT CURDATE()), INTERVAL -110 DAY)), 3561, '000000000000000021'),
		((SELECT DATE_ADD((SELECT CURDATE()), INTERVAL -115 DAY)), 3282, '000000000000000021'),
		((SELECT DATE_ADD((SELECT CURDATE()), INTERVAL -120 DAY)), 3031, '000000000000000021'),
		((SELECT DATE_ADD((SELECT CURDATE()), INTERVAL -125 DAY)), 2763, '000000000000000021'),
		((SELECT DATE_ADD((SELECT CURDATE()), INTERVAL -130 DAY)), 2413, '000000000000000021'),
		((SELECT DATE_ADD((SELECT CURDATE()), INTERVAL -135 DAY)), 2059, '000000000000000021'),
		((SELECT DATE_ADD((SELECT CURDATE()), INTERVAL -140 DAY)), 1050, '000000000000000021'),
		((SELECT DATE_ADD((SELECT CURDATE()), INTERVAL -145 DAY)), 500, '000000000000000021'),
		((SELECT CURDATE()), 1050, '000000000000000022'),
		((SELECT DATE_ADD((SELECT CURDATE()), INTERVAL -5 DAY)), 1030, '000000000000000022'),
		((SELECT DATE_ADD((SELECT CURDATE()), INTERVAL -10 DAY)), 1000, '000000000000000022'),
		((SELECT DATE_ADD((SELECT CURDATE()), INTERVAL -15 DAY)), 990, '000000000000000022'),
		((SELECT DATE_ADD((SELECT CURDATE()), INTERVAL -20 DAY)), 970, '000000000000000022'),
		((SELECT DATE_ADD((SELECT CURDATE()), INTERVAL -25 DAY)), 960, '000000000000000022'),
		((SELECT DATE_ADD((SELECT CURDATE()), INTERVAL -30 DAY)), 960, '000000000000000022'),
		((SELECT DATE_ADD((SELECT CURDATE()), INTERVAL -35 DAY)), 950, '000000000000000022'),
		((SELECT DATE_ADD((SELECT CURDATE()), INTERVAL -40 DAY)), 900, '000000000000000022'),
		((SELECT DATE_ADD((SELECT CURDATE()), INTERVAL -45 DAY)), 890, '000000000000000022'),
		((SELECT DATE_ADD((SELECT CURDATE()), INTERVAL -50 DAY)), 860, '000000000000000022'),
		((SELECT DATE_ADD((SELECT CURDATE()), INTERVAL -55 DAY)), 850, '000000000000000022'),
		((SELECT DATE_ADD((SELECT CURDATE()), INTERVAL -60 DAY)), 790, '000000000000000022'),
		((SELECT DATE_ADD((SELECT CURDATE()), INTERVAL -65 DAY)), 750, '000000000000000022'),
		((SELECT DATE_ADD((SELECT CURDATE()), INTERVAL -70 DAY)), 710, '000000000000000022'),
		((SELECT DATE_ADD((SELECT CURDATE()), INTERVAL -75 DAY)), 689, '000000000000000022'),
		((SELECT DATE_ADD((SELECT CURDATE()), INTERVAL -80 DAY)), 599, '000000000000000022'),
		((SELECT DATE_ADD((SELECT CURDATE()), INTERVAL -85 DAY)), 488, '000000000000000022'),
		((SELECT DATE_ADD((SELECT CURDATE()), INTERVAL -90 DAY)), 400, '000000000000000022'),
		((SELECT DATE_ADD((SELECT CURDATE()), INTERVAL -95 DAY)), 370, '000000000000000022'),
		((SELECT DATE_ADD((SELECT CURDATE()), INTERVAL -100 DAY)), 350, '000000000000000022'),
		((SELECT DATE_ADD((SELECT CURDATE()), INTERVAL -105 DAY)), 300, '000000000000000022'),
		((SELECT DATE_ADD((SELECT CURDATE()), INTERVAL -110 DAY)), 250, '000000000000000022'),
		((SELECT DATE_ADD((SELECT CURDATE()), INTERVAL -115 DAY)), 200, '000000000000000022'),
		((SELECT DATE_ADD((SELECT CURDATE()), INTERVAL -120 DAY)), 150, '000000000000000022'),
		((SELECT DATE_ADD((SELECT CURDATE()), INTERVAL -125 DAY)), 70, '000000000000000022'),
		((SELECT DATE_ADD((SELECT CURDATE()), INTERVAL -130 DAY)), 60, '000000000000000022'),
		((SELECT DATE_ADD((SELECT CURDATE()), INTERVAL -135 DAY)), 50, '000000000000000022'),
		((SELECT DATE_ADD((SELECT CURDATE()), INTERVAL -140 DAY)), 40, '000000000000000022'),
		((SELECT DATE_ADD((SELECT CURDATE()), INTERVAL -145 DAY)), 10, '000000000000000022'),
		((SELECT CURDATE()), 110, '000000000000000023'),
		((SELECT DATE_ADD((SELECT CURDATE()), INTERVAL -5 DAY)), 99, '000000000000000023'),
		((SELECT DATE_ADD((SELECT CURDATE()), INTERVAL -10 DAY)), 94, '000000000000000023'),
		((SELECT DATE_ADD((SELECT CURDATE()), INTERVAL -15 DAY)), 93, '000000000000000023'),
		((SELECT DATE_ADD((SELECT CURDATE()), INTERVAL -20 DAY)), 92, '000000000000000023'),
		((SELECT DATE_ADD((SELECT CURDATE()), INTERVAL -25 DAY)), 90, '000000000000000023'),
		((SELECT DATE_ADD((SELECT CURDATE()), INTERVAL -30 DAY)), 85, '000000000000000023'),
		((SELECT DATE_ADD((SELECT CURDATE()), INTERVAL -35 DAY)), 81, '000000000000000023'),
		((SELECT DATE_ADD((SELECT CURDATE()), INTERVAL -40 DAY)), 80, '000000000000000023'),
		((SELECT DATE_ADD((SELECT CURDATE()), INTERVAL -45 DAY)), 78, '000000000000000023'),
		((SELECT DATE_ADD((SELECT CURDATE()), INTERVAL -50 DAY)), 76, '000000000000000023'),
		((SELECT DATE_ADD((SELECT CURDATE()), INTERVAL -55 DAY)), 72, '000000000000000023'),
		((SELECT DATE_ADD((SELECT CURDATE()), INTERVAL -60 DAY)), 70, '000000000000000023'),
		((SELECT DATE_ADD((SELECT CURDATE()), INTERVAL -65 DAY)), 68, '000000000000000023'),
		((SELECT DATE_ADD((SELECT CURDATE()), INTERVAL -70 DAY)), 65, '000000000000000023'),
		((SELECT DATE_ADD((SELECT CURDATE()), INTERVAL -75 DAY)), 64, '000000000000000023'),
		((SELECT DATE_ADD((SELECT CURDATE()), INTERVAL -80 DAY)), 62, '000000000000000023'),
		((SELECT DATE_ADD((SELECT CURDATE()), INTERVAL -85 DAY)), 58, '000000000000000023'),
		((SELECT DATE_ADD((SELECT CURDATE()), INTERVAL -90 DAY)), 50, '000000000000000023'),
		((SELECT DATE_ADD((SELECT CURDATE()), INTERVAL -95 DAY)), 43, '000000000000000023'),
		((SELECT DATE_ADD((SELECT CURDATE()), INTERVAL -100 DAY)), 42, '000000000000000023'),
		((SELECT DATE_ADD((SELECT CURDATE()), INTERVAL -105 DAY)), 41, '000000000000000023'),
		((SELECT DATE_ADD((SELECT CURDATE()), INTERVAL -110 DAY)), 40, '000000000000000023'),
		((SELECT DATE_ADD((SELECT CURDATE()), INTERVAL -115 DAY)), 35, '000000000000000023'),
		((SELECT DATE_ADD((SELECT CURDATE()), INTERVAL -120 DAY)), 30, '000000000000000023'),
		((SELECT DATE_ADD((SELECT CURDATE()), INTERVAL -125 DAY)), 25, '000000000000000023'),
		((SELECT DATE_ADD((SELECT CURDATE()), INTERVAL -130 DAY)), 12, '000000000000000023'),
		((SELECT DATE_ADD((SELECT CURDATE()), INTERVAL -135 DAY)), 5, '000000000000000023'),
		((SELECT DATE_ADD((SELECT CURDATE()), INTERVAL -140 DAY)), 4, '000000000000000023'),
		((SELECT DATE_ADD((SELECT CURDATE()), INTERVAL -145 DAY)), 3, '000000000000000023'),
		((SELECT CURDATE()), 13000, '000000000000000024'),
		((SELECT DATE_ADD((SELECT CURDATE()), INTERVAL -5 DAY)), 12457, '000000000000000024'),
		((SELECT DATE_ADD((SELECT CURDATE()), INTERVAL -10 DAY)), 12064, '000000000000000024'),
		((SELECT DATE_ADD((SELECT CURDATE()), INTERVAL -15 DAY)), 11686, '000000000000000024'),
		((SELECT DATE_ADD((SELECT CURDATE()), INTERVAL -20 DAY)), 10652, '000000000000000024'),
		((SELECT DATE_ADD((SELECT CURDATE()), INTERVAL -25 DAY)), 10179, '000000000000000024'),
		((SELECT DATE_ADD((SELECT CURDATE()), INTERVAL -30 DAY)), 9733, '000000000000000024'),
		((SELECT DATE_ADD((SELECT CURDATE()), INTERVAL -35 DAY)), 9178, '000000000000000024'),
		((SELECT DATE_ADD((SELECT CURDATE()), INTERVAL -40 DAY)), 8754, '000000000000000024'),
		((SELECT DATE_ADD((SELECT CURDATE()), INTERVAL -45 DAY)), 8432, '000000000000000024'),
		((SELECT DATE_ADD((SELECT CURDATE()), INTERVAL -50 DAY)), 8024, '000000000000000024'),
		((SELECT DATE_ADD((SELECT CURDATE()), INTERVAL -55 DAY)), 7689, '000000000000000024'),
		((SELECT DATE_ADD((SELECT CURDATE()), INTERVAL -60 DAY)), 7320, '000000000000000024'),
		((SELECT DATE_ADD((SELECT CURDATE()), INTERVAL -65 DAY)), 6879, '000000000000000024'),
		((SELECT DATE_ADD((SELECT CURDATE()), INTERVAL -70 DAY)), 6487, '000000000000000024'),
		((SELECT DATE_ADD((SELECT CURDATE()), INTERVAL -75 DAY)), 6041, '000000000000000024'),
		((SELECT DATE_ADD((SELECT CURDATE()), INTERVAL -80 DAY)), 5657, '000000000000000024'),
		((SELECT DATE_ADD((SELECT CURDATE()), INTERVAL -85 DAY)), 5238, '000000000000000024'),
		((SELECT DATE_ADD((SELECT CURDATE()), INTERVAL -90 DAY)), 4977, '000000000000000024'),
		((SELECT DATE_ADD((SELECT CURDATE()), INTERVAL -95 DAY)), 4519, '000000000000000024'),
		((SELECT DATE_ADD((SELECT CURDATE()), INTERVAL -100 DAY)), 4229, '000000000000000024'),
		((SELECT DATE_ADD((SELECT CURDATE()), INTERVAL -105 DAY)), 3852, '000000000000000024'),
		((SELECT DATE_ADD((SELECT CURDATE()), INTERVAL -110 DAY)), 3561, '000000000000000024'),
		((SELECT DATE_ADD((SELECT CURDATE()), INTERVAL -115 DAY)), 3282, '000000000000000024'),
		((SELECT DATE_ADD((SELECT CURDATE()), INTERVAL -120 DAY)), 3031, '000000000000000024'),
		((SELECT DATE_ADD((SELECT CURDATE()), INTERVAL -125 DAY)), 2763, '000000000000000024'),
		((SELECT DATE_ADD((SELECT CURDATE()), INTERVAL -130 DAY)), 2413, '000000000000000024'),
		((SELECT DATE_ADD((SELECT CURDATE()), INTERVAL -135 DAY)), 2059, '000000000000000024'),
		((SELECT DATE_ADD((SELECT CURDATE()), INTERVAL -140 DAY)), 1050, '000000000000000024'),
		((SELECT DATE_ADD((SELECT CURDATE()), INTERVAL -145 DAY)), 500, '000000000000000024'),
		((SELECT CURDATE()), 1050, '000000000000000025'),
		((SELECT DATE_ADD((SELECT CURDATE()), INTERVAL -5 DAY)), 1030, '000000000000000025'),
		((SELECT DATE_ADD((SELECT CURDATE()), INTERVAL -10 DAY)), 1000, '000000000000000025'),
		((SELECT DATE_ADD((SELECT CURDATE()), INTERVAL -15 DAY)), 990, '000000000000000025'),
		((SELECT DATE_ADD((SELECT CURDATE()), INTERVAL -20 DAY)), 970, '000000000000000025'),
		((SELECT DATE_ADD((SELECT CURDATE()), INTERVAL -25 DAY)), 960, '000000000000000025'),
		((SELECT DATE_ADD((SELECT CURDATE()), INTERVAL -30 DAY)), 960, '000000000000000025'),
		((SELECT DATE_ADD((SELECT CURDATE()), INTERVAL -35 DAY)), 950, '000000000000000025'),
		((SELECT DATE_ADD((SELECT CURDATE()), INTERVAL -40 DAY)), 900, '000000000000000025'),
		((SELECT DATE_ADD((SELECT CURDATE()), INTERVAL -45 DAY)), 890, '000000000000000025'),
		((SELECT DATE_ADD((SELECT CURDATE()), INTERVAL -50 DAY)), 860, '000000000000000025'),
		((SELECT DATE_ADD((SELECT CURDATE()), INTERVAL -55 DAY)), 850, '000000000000000025'),
		((SELECT DATE_ADD((SELECT CURDATE()), INTERVAL -60 DAY)), 790, '000000000000000025'),
		((SELECT DATE_ADD((SELECT CURDATE()), INTERVAL -65 DAY)), 750, '000000000000000025'),
		((SELECT DATE_ADD((SELECT CURDATE()), INTERVAL -70 DAY)), 710, '000000000000000025'),
		((SELECT DATE_ADD((SELECT CURDATE()), INTERVAL -75 DAY)), 689, '000000000000000025'),
		((SELECT DATE_ADD((SELECT CURDATE()), INTERVAL -80 DAY)), 599, '000000000000000025'),
		((SELECT DATE_ADD((SELECT CURDATE()), INTERVAL -85 DAY)), 488, '000000000000000025'),
		((SELECT DATE_ADD((SELECT CURDATE()), INTERVAL -90 DAY)), 400, '000000000000000025'),
		((SELECT DATE_ADD((SELECT CURDATE()), INTERVAL -95 DAY)), 370, '000000000000000025'),
		((SELECT DATE_ADD((SELECT CURDATE()), INTERVAL -100 DAY)), 350, '000000000000000025'),
		((SELECT DATE_ADD((SELECT CURDATE()), INTERVAL -105 DAY)), 300, '000000000000000025'),
		((SELECT DATE_ADD((SELECT CURDATE()), INTERVAL -110 DAY)), 250, '000000000000000025'),
		((SELECT DATE_ADD((SELECT CURDATE()), INTERVAL -115 DAY)), 200, '000000000000000025'),
		((SELECT DATE_ADD((SELECT CURDATE()), INTERVAL -120 DAY)), 150, '000000000000000025'),
		((SELECT DATE_ADD((SELECT CURDATE()), INTERVAL -125 DAY)), 70, '000000000000000025'),
		((SELECT DATE_ADD((SELECT CURDATE()), INTERVAL -130 DAY)), 60, '000000000000000025'),
		((SELECT DATE_ADD((SELECT CURDATE()), INTERVAL -135 DAY)), 50, '000000000000000025'),
		((SELECT DATE_ADD((SELECT CURDATE()), INTERVAL -140 DAY)), 40, '000000000000000025'),
		((SELECT DATE_ADD((SELECT CURDATE()), INTERVAL -145 DAY)), 10, '000000000000000025'),
		((SELECT CURDATE()), 110, '000000000000000026'),
		((SELECT DATE_ADD((SELECT CURDATE()), INTERVAL -5 DAY)), 99, '000000000000000026'),
		((SELECT DATE_ADD((SELECT CURDATE()), INTERVAL -10 DAY)), 94, '000000000000000026'),
		((SELECT DATE_ADD((SELECT CURDATE()), INTERVAL -15 DAY)), 93, '000000000000000026'),
		((SELECT DATE_ADD((SELECT CURDATE()), INTERVAL -20 DAY)), 92, '000000000000000026'),
		((SELECT DATE_ADD((SELECT CURDATE()), INTERVAL -25 DAY)), 90, '000000000000000026'),
		((SELECT DATE_ADD((SELECT CURDATE()), INTERVAL -30 DAY)), 85, '000000000000000026'),
		((SELECT DATE_ADD((SELECT CURDATE()), INTERVAL -35 DAY)), 81, '000000000000000026'),
		((SELECT DATE_ADD((SELECT CURDATE()), INTERVAL -40 DAY)), 80, '000000000000000026'),
		((SELECT DATE_ADD((SELECT CURDATE()), INTERVAL -45 DAY)), 78, '000000000000000026'),
		((SELECT DATE_ADD((SELECT CURDATE()), INTERVAL -50 DAY)), 76, '000000000000000026'),
		((SELECT DATE_ADD((SELECT CURDATE()), INTERVAL -55 DAY)), 72, '000000000000000026'),
		((SELECT DATE_ADD((SELECT CURDATE()), INTERVAL -60 DAY)), 70, '000000000000000026'),
		((SELECT DATE_ADD((SELECT CURDATE()), INTERVAL -65 DAY)), 68, '000000000000000026'),
		((SELECT DATE_ADD((SELECT CURDATE()), INTERVAL -70 DAY)), 65, '000000000000000026'),
		((SELECT DATE_ADD((SELECT CURDATE()), INTERVAL -75 DAY)), 64, '000000000000000026'),
		((SELECT DATE_ADD((SELECT CURDATE()), INTERVAL -80 DAY)), 62, '000000000000000026'),
		((SELECT DATE_ADD((SELECT CURDATE()), INTERVAL -85 DAY)), 58, '000000000000000026'),
		((SELECT DATE_ADD((SELECT CURDATE()), INTERVAL -90 DAY)), 50, '000000000000000026'),
		((SELECT DATE_ADD((SELECT CURDATE()), INTERVAL -95 DAY)), 43, '000000000000000026'),
		((SELECT DATE_ADD((SELECT CURDATE()), INTERVAL -100 DAY)), 42, '000000000000000026'),
		((SELECT DATE_ADD((SELECT CURDATE()), INTERVAL -105 DAY)), 41, '000000000000000026'),
		((SELECT DATE_ADD((SELECT CURDATE()), INTERVAL -110 DAY)), 40, '000000000000000026'),
		((SELECT DATE_ADD((SELECT CURDATE()), INTERVAL -115 DAY)), 35, '000000000000000026'),
		((SELECT DATE_ADD((SELECT CURDATE()), INTERVAL -120 DAY)), 30, '000000000000000026'),
		((SELECT DATE_ADD((SELECT CURDATE()), INTERVAL -125 DAY)), 25, '000000000000000026'),
		((SELECT DATE_ADD((SELECT CURDATE()), INTERVAL -130 DAY)), 12, '000000000000000026'),
		((SELECT DATE_ADD((SELECT CURDATE()), INTERVAL -135 DAY)), 5, '000000000000000026'),
		((SELECT DATE_ADD((SELECT CURDATE()), INTERVAL -140 DAY)), 4, '000000000000000026'),
		((SELECT DATE_ADD((SELECT CURDATE()), INTERVAL -145 DAY)), 3, '000000000000000026'),
		((SELECT CURDATE()), 13000, '000000000000000027'),
		((SELECT DATE_ADD((SELECT CURDATE()), INTERVAL -5 DAY)), 12457, '000000000000000027'),
		((SELECT DATE_ADD((SELECT CURDATE()), INTERVAL -10 DAY)), 12064, '000000000000000027'),
		((SELECT DATE_ADD((SELECT CURDATE()), INTERVAL -15 DAY)), 11686, '000000000000000027'),
		((SELECT DATE_ADD((SELECT CURDATE()), INTERVAL -20 DAY)), 10652, '000000000000000027'),
		((SELECT DATE_ADD((SELECT CURDATE()), INTERVAL -25 DAY)), 10179, '000000000000000027'),
		((SELECT DATE_ADD((SELECT CURDATE()), INTERVAL -30 DAY)), 9733, '000000000000000027'),
		((SELECT DATE_ADD((SELECT CURDATE()), INTERVAL -35 DAY)), 9178, '000000000000000027'),
		((SELECT DATE_ADD((SELECT CURDATE()), INTERVAL -40 DAY)), 8754, '000000000000000027'),
		((SELECT DATE_ADD((SELECT CURDATE()), INTERVAL -45 DAY)), 8432, '000000000000000027'),
		((SELECT DATE_ADD((SELECT CURDATE()), INTERVAL -50 DAY)), 8024, '000000000000000027'),
		((SELECT DATE_ADD((SELECT CURDATE()), INTERVAL -55 DAY)), 7689, '000000000000000027'),
		((SELECT DATE_ADD((SELECT CURDATE()), INTERVAL -60 DAY)), 7320, '000000000000000027'),
		((SELECT DATE_ADD((SELECT CURDATE()), INTERVAL -65 DAY)), 6879, '000000000000000027'),
		((SELECT DATE_ADD((SELECT CURDATE()), INTERVAL -70 DAY)), 6487, '000000000000000027'),
		((SELECT DATE_ADD((SELECT CURDATE()), INTERVAL -75 DAY)), 6041, '000000000000000027'),
		((SELECT DATE_ADD((SELECT CURDATE()), INTERVAL -80 DAY)), 5657, '000000000000000027'),
		((SELECT DATE_ADD((SELECT CURDATE()), INTERVAL -85 DAY)), 5238, '000000000000000027'),
		((SELECT DATE_ADD((SELECT CURDATE()), INTERVAL -90 DAY)), 4977, '000000000000000027'),
		((SELECT DATE_ADD((SELECT CURDATE()), INTERVAL -95 DAY)), 4519, '000000000000000027'),
		((SELECT DATE_ADD((SELECT CURDATE()), INTERVAL -100 DAY)), 4229, '000000000000000027'),
		((SELECT DATE_ADD((SELECT CURDATE()), INTERVAL -105 DAY)), 3852, '000000000000000027'),
		((SELECT DATE_ADD((SELECT CURDATE()), INTERVAL -110 DAY)), 3561, '000000000000000027'),
		((SELECT DATE_ADD((SELECT CURDATE()), INTERVAL -115 DAY)), 3282, '000000000000000027'),
		((SELECT DATE_ADD((SELECT CURDATE()), INTERVAL -120 DAY)), 3031, '000000000000000027'),
		((SELECT DATE_ADD((SELECT CURDATE()), INTERVAL -125 DAY)), 2763, '000000000000000027'),
		((SELECT DATE_ADD((SELECT CURDATE()), INTERVAL -130 DAY)), 2413, '000000000000000027'),
		((SELECT DATE_ADD((SELECT CURDATE()), INTERVAL -135 DAY)), 2059, '000000000000000027'),
		((SELECT DATE_ADD((SELECT CURDATE()), INTERVAL -140 DAY)), 1050, '000000000000000027'),
		((SELECT DATE_ADD((SELECT CURDATE()), INTERVAL -145 DAY)), 500, '000000000000000027'),
		((SELECT CURDATE()), 1050, '000000000000000028'),
		((SELECT DATE_ADD((SELECT CURDATE()), INTERVAL -5 DAY)), 1030, '000000000000000028'),
		((SELECT DATE_ADD((SELECT CURDATE()), INTERVAL -10 DAY)), 1000, '000000000000000028'),
		((SELECT DATE_ADD((SELECT CURDATE()), INTERVAL -15 DAY)), 990, '000000000000000028'),
		((SELECT DATE_ADD((SELECT CURDATE()), INTERVAL -20 DAY)), 970, '000000000000000028'),
		((SELECT DATE_ADD((SELECT CURDATE()), INTERVAL -25 DAY)), 960, '000000000000000028'),
		((SELECT DATE_ADD((SELECT CURDATE()), INTERVAL -30 DAY)), 960, '000000000000000028'),
		((SELECT DATE_ADD((SELECT CURDATE()), INTERVAL -35 DAY)), 950, '000000000000000028'),
		((SELECT DATE_ADD((SELECT CURDATE()), INTERVAL -40 DAY)), 900, '000000000000000028'),
		((SELECT DATE_ADD((SELECT CURDATE()), INTERVAL -45 DAY)), 890, '000000000000000028'),
		((SELECT DATE_ADD((SELECT CURDATE()), INTERVAL -50 DAY)), 860, '000000000000000028'),
		((SELECT DATE_ADD((SELECT CURDATE()), INTERVAL -55 DAY)), 850, '000000000000000028'),
		((SELECT DATE_ADD((SELECT CURDATE()), INTERVAL -60 DAY)), 790, '000000000000000028'),
		((SELECT DATE_ADD((SELECT CURDATE()), INTERVAL -65 DAY)), 750, '000000000000000028'),
		((SELECT DATE_ADD((SELECT CURDATE()), INTERVAL -70 DAY)), 710, '000000000000000028'),
		((SELECT DATE_ADD((SELECT CURDATE()), INTERVAL -75 DAY)), 689, '000000000000000028'),
		((SELECT DATE_ADD((SELECT CURDATE()), INTERVAL -80 DAY)), 599, '000000000000000028'),
		((SELECT DATE_ADD((SELECT CURDATE()), INTERVAL -85 DAY)), 488, '000000000000000028'),
		((SELECT DATE_ADD((SELECT CURDATE()), INTERVAL -90 DAY)), 400, '000000000000000028'),
		((SELECT DATE_ADD((SELECT CURDATE()), INTERVAL -95 DAY)), 370, '000000000000000028'),
		((SELECT DATE_ADD((SELECT CURDATE()), INTERVAL -100 DAY)), 350, '000000000000000028'),
		((SELECT DATE_ADD((SELECT CURDATE()), INTERVAL -105 DAY)), 300, '000000000000000028'),
		((SELECT DATE_ADD((SELECT CURDATE()), INTERVAL -110 DAY)), 250, '000000000000000028'),
		((SELECT DATE_ADD((SELECT CURDATE()), INTERVAL -115 DAY)), 200, '000000000000000028'),
		((SELECT DATE_ADD((SELECT CURDATE()), INTERVAL -120 DAY)), 150, '000000000000000028'),
		((SELECT DATE_ADD((SELECT CURDATE()), INTERVAL -125 DAY)), 70, '000000000000000028'),
		((SELECT DATE_ADD((SELECT CURDATE()), INTERVAL -130 DAY)), 60, '000000000000000028'),
		((SELECT DATE_ADD((SELECT CURDATE()), INTERVAL -135 DAY)), 50, '000000000000000028'),
		((SELECT DATE_ADD((SELECT CURDATE()), INTERVAL -140 DAY)), 40, '000000000000000028'),
		((SELECT DATE_ADD((SELECT CURDATE()), INTERVAL -145 DAY)), 10, '000000000000000028'),
		((SELECT CURDATE()), 110, '000000000000000029'),
		((SELECT DATE_ADD((SELECT CURDATE()), INTERVAL -5 DAY)), 99, '000000000000000029'),
		((SELECT DATE_ADD((SELECT CURDATE()), INTERVAL -10 DAY)), 94, '000000000000000029'),
		((SELECT DATE_ADD((SELECT CURDATE()), INTERVAL -15 DAY)), 93, '000000000000000029'),
		((SELECT DATE_ADD((SELECT CURDATE()), INTERVAL -20 DAY)), 92, '000000000000000029'),
		((SELECT DATE_ADD((SELECT CURDATE()), INTERVAL -25 DAY)), 90, '000000000000000029'),
		((SELECT DATE_ADD((SELECT CURDATE()), INTERVAL -30 DAY)), 85, '000000000000000029'),
		((SELECT DATE_ADD((SELECT CURDATE()), INTERVAL -35 DAY)), 81, '000000000000000029'),
		((SELECT DATE_ADD((SELECT CURDATE()), INTERVAL -40 DAY)), 80, '000000000000000029'),
		((SELECT DATE_ADD((SELECT CURDATE()), INTERVAL -45 DAY)), 78, '000000000000000029'),
		((SELECT DATE_ADD((SELECT CURDATE()), INTERVAL -50 DAY)), 76, '000000000000000029'),
		((SELECT DATE_ADD((SELECT CURDATE()), INTERVAL -55 DAY)), 72, '000000000000000029'),
		((SELECT DATE_ADD((SELECT CURDATE()), INTERVAL -60 DAY)), 70, '000000000000000029'),
		((SELECT DATE_ADD((SELECT CURDATE()), INTERVAL -65 DAY)), 68, '000000000000000029'),
		((SELECT DATE_ADD((SELECT CURDATE()), INTERVAL -70 DAY)), 65, '000000000000000029'),
		((SELECT DATE_ADD((SELECT CURDATE()), INTERVAL -75 DAY)), 64, '000000000000000029'),
		((SELECT DATE_ADD((SELECT CURDATE()), INTERVAL -80 DAY)), 62, '000000000000000029'),
		((SELECT DATE_ADD((SELECT CURDATE()), INTERVAL -85 DAY)), 58, '000000000000000029'),
		((SELECT DATE_ADD((SELECT CURDATE()), INTERVAL -90 DAY)), 50, '000000000000000029'),
		((SELECT DATE_ADD((SELECT CURDATE()), INTERVAL -95 DAY)), 43, '000000000000000029'),
		((SELECT DATE_ADD((SELECT CURDATE()), INTERVAL -100 DAY)), 42, '000000000000000029'),
		((SELECT DATE_ADD((SELECT CURDATE()), INTERVAL -105 DAY)), 41, '000000000000000029'),
		((SELECT DATE_ADD((SELECT CURDATE()), INTERVAL -110 DAY)), 40, '000000000000000029'),
		((SELECT DATE_ADD((SELECT CURDATE()), INTERVAL -115 DAY)), 35, '000000000000000029'),
		((SELECT DATE_ADD((SELECT CURDATE()), INTERVAL -120 DAY)), 30, '000000000000000029'),
		((SELECT DATE_ADD((SELECT CURDATE()), INTERVAL -125 DAY)), 25, '000000000000000029'),
		((SELECT DATE_ADD((SELECT CURDATE()), INTERVAL -130 DAY)), 12, '000000000000000029'),
		((SELECT DATE_ADD((SELECT CURDATE()), INTERVAL -135 DAY)), 5, '000000000000000029'),
		((SELECT DATE_ADD((SELECT CURDATE()), INTERVAL -140 DAY)), 4, '000000000000000029'),
		((SELECT DATE_ADD((SELECT CURDATE()), INTERVAL -145 DAY)), 3, '000000000000000029'),
		((SELECT CURDATE()), 13000, '000000000000000030'),
		((SELECT DATE_ADD((SELECT CURDATE()), INTERVAL -5 DAY)), 12457, '000000000000000030'),
		((SELECT DATE_ADD((SELECT CURDATE()), INTERVAL -10 DAY)), 12064, '000000000000000030'),
		((SELECT DATE_ADD((SELECT CURDATE()), INTERVAL -15 DAY)), 11686, '000000000000000030'),
		((SELECT DATE_ADD((SELECT CURDATE()), INTERVAL -20 DAY)), 10652, '000000000000000030'),
		((SELECT DATE_ADD((SELECT CURDATE()), INTERVAL -25 DAY)), 10179, '000000000000000030'),
		((SELECT DATE_ADD((SELECT CURDATE()), INTERVAL -30 DAY)), 9733, '000000000000000030'),
		((SELECT DATE_ADD((SELECT CURDATE()), INTERVAL -35 DAY)), 9178, '000000000000000030'),
		((SELECT DATE_ADD((SELECT CURDATE()), INTERVAL -40 DAY)), 8754, '000000000000000030'),
		((SELECT DATE_ADD((SELECT CURDATE()), INTERVAL -45 DAY)), 8432, '000000000000000030'),
		((SELECT DATE_ADD((SELECT CURDATE()), INTERVAL -50 DAY)), 8024, '000000000000000030'),
		((SELECT DATE_ADD((SELECT CURDATE()), INTERVAL -55 DAY)), 7689, '000000000000000030'),
		((SELECT DATE_ADD((SELECT CURDATE()), INTERVAL -60 DAY)), 7320, '000000000000000030'),
		((SELECT DATE_ADD((SELECT CURDATE()), INTERVAL -65 DAY)), 6879, '000000000000000030'),
		((SELECT DATE_ADD((SELECT CURDATE()), INTERVAL -70 DAY)), 6487, '000000000000000030'),
		((SELECT DATE_ADD((SELECT CURDATE()), INTERVAL -75 DAY)), 6041, '000000000000000030'),
		((SELECT DATE_ADD((SELECT CURDATE()), INTERVAL -80 DAY)), 5657, '000000000000000030'),
		((SELECT DATE_ADD((SELECT CURDATE()), INTERVAL -85 DAY)), 5238, '000000000000000030'),
		((SELECT DATE_ADD((SELECT CURDATE()), INTERVAL -90 DAY)), 4977, '000000000000000030'),
		((SELECT DATE_ADD((SELECT CURDATE()), INTERVAL -95 DAY)), 4519, '000000000000000030'),
		((SELECT DATE_ADD((SELECT CURDATE()), INTERVAL -100 DAY)), 4229, '000000000000000030'),
		((SELECT DATE_ADD((SELECT CURDATE()), INTERVAL -105 DAY)), 3852, '000000000000000030'),
		((SELECT DATE_ADD((SELECT CURDATE()), INTERVAL -110 DAY)), 3561, '000000000000000030'),
		((SELECT DATE_ADD((SELECT CURDATE()), INTERVAL -115 DAY)), 3282, '000000000000000030'),
		((SELECT DATE_ADD((SELECT CURDATE()), INTERVAL -120 DAY)), 3031, '000000000000000030'),
		((SELECT DATE_ADD((SELECT CURDATE()), INTERVAL -125 DAY)), 2763, '000000000000000030'),
		((SELECT DATE_ADD((SELECT CURDATE()), INTERVAL -130 DAY)), 2413, '000000000000000030'),
		((SELECT DATE_ADD((SELECT CURDATE()), INTERVAL -135 DAY)), 2059, '000000000000000030'),
		((SELECT DATE_ADD((SELECT CURDATE()), INTERVAL -140 DAY)), 1050, '000000000000000030'),
		((SELECT DATE_ADD((SELECT CURDATE()), INTERVAL -145 DAY)), 500, '000000000000000030');


INSERT INTO `ppe`.`wallet`  (`id`, `building_fk`)
VALUES
		('W0000000000001', 'H0000000000001'),
        ('W0000000000002', 'H0000000000002'),
		('W0000000000003', 'H0000000000003'),
        ('W0000000000004', 'H0000000000004'),
        ('W0000000000005', 'H0000000000005'),
        ('W0000000000006', 'H0000000000006'),
        ('W0000000000007', 'H0000000000007'),
        ('W0000000000008', 'H0000000000008'),
        ('W0000000000009', 'H0000000000009'),
        ('W0000000000010', 'H0000000000010'),
        ('W0000000000011', 'H0000000000010');
        
INSERT INTO `ppe`.`wallet_meter` (`meter_fk`, `wallet_fk`)
VALUES
		('000000000000000001', 'W0000000000001'),
		('000000000000000002', 'W0000000000001'),
		('000000000000000003', 'W0000000000001'),
		('000000000000000004', 'W0000000000002'),
		('000000000000000005', 'W0000000000002'),
        ('000000000000000006', 'W0000000000002'),
		('000000000000000007', 'W0000000000003'),
		('000000000000000008', 'W0000000000003'),
        ('000000000000000009', 'W0000000000003'),
		('000000000000000010', 'W0000000000004'),
		('000000000000000011', 'W0000000000004'),
        ('000000000000000012', 'W0000000000004'),
		('000000000000000013', 'W0000000000005'),
		('000000000000000014', 'W0000000000005'),
        ('000000000000000015', 'W0000000000005'),
		('000000000000000016', 'W0000000000006'),
		('000000000000000017', 'W0000000000006'),
        ('000000000000000018', 'W0000000000006'),
		('000000000000000019', 'W0000000000007'),
		('000000000000000020', 'W0000000000007'),
        ('000000000000000021', 'W0000000000007'),
		('000000000000000022', 'W0000000000008'),
		('000000000000000023', 'W0000000000008'),
        ('000000000000000024', 'W0000000000008'),
		('000000000000000025', 'W0000000000009'),
		('000000000000000026', 'W0000000000009'),
        ('000000000000000027', 'W0000000000009'),
		('000000000000000028', 'W0000000000010'),
		('000000000000000029', 'W0000000000010'),
        ('000000000000000030', 'W0000000000010'),
        ('000000000000000030', 'W0000000000011');

INSERT INTO `ppe`.`privilege`(`id`, `value`)
VALUES
		(1, 'Gestionnaire'),
        (2, 'Lecture'),
        (3, 'Lecture-Ecriture');

INSERT INTO `ppe`.`wallet_customer` (`privilege_fk`, `customer_fk`, `wallet_fk`)
VALUES
		(1, 'U0000000000003', 'W0000000000001'),
        (1, 'U0000000000003', 'W0000000000002'),
        (1, 'U0000000000001', 'W0000000000003'),
        (1, 'U0000000000001', 'W0000000000004'),
        (1, 'U0000000000001', 'W0000000000005'),
        (1, 'U0000000000001', 'W0000000000006'),
        (1, 'U0000000000002', 'W0000000000007'),
        (1, 'U0000000000002', 'W0000000000008'),
        (1, 'U0000000000004', 'W0000000000009'),
        (1, 'U0000000000004', 'W0000000000010'),
        (2, 'U0000000000004', 'W0000000000001'),
        (3, 'U0000000000002', 'W0000000000002'),
        (2, 'U0000000000003', 'W0000000000003'),
        (3, 'U0000000000004', 'W0000000000004'),
        (2, 'U0000000000002', 'W0000000000005'),
        (3, 'U0000000000002', 'W0000000000006'),
        (2, 'U0000000000003', 'W0000000000007'),
        (3, 'U0000000000004', 'W0000000000008'),
        (2, 'U0000000000001', 'W0000000000009'),
        (3, 'U0000000000001', 'W0000000000010'),
        (1, 'U0000000000004', 'W0000000000011');
    
INSERT INTO `ppe`.`notification` (`customer_fk`, `date` ,`provider_fk`, `message`, `is_accept`, `is_read`, `is_new`)
VALUES
		('U0000000000001', (SELECT DATE_ADD((SELECT CURRENT_TIMESTAMP()), INTERVAL -1 DAY)) ,'P0000000000001', 'Pouvez-vous me dire si le prix de l''énergie va bientôt augmenter', FALSE, FALSE, FALSE),
		('U0000000000001', (SELECT DATE_ADD((SELECT CURRENT_TIMESTAMP()), INTERVAL -1 DAY)) ,'P0000000000001', 'Les prix de tous les contrats vont baissés', FALSE, FALSE, TRUE),
		('U0000000000001', (SELECT DATE_ADD((SELECT CURRENT_TIMESTAMP()), INTERVAL -1 DAY)) ,'P0000000000001', 'Est-ce que vous êtes là ?', FALSE, TRUE, FALSE),
		('U0000000000001', (SELECT DATE_ADD((SELECT CURRENT_TIMESTAMP()), INTERVAL -1 DAY)) ,'P0000000000001', 'Puis avoir une reduction vu que les temps sont difficiles', TRUE, TRUE, TRUE),
		('U0000000000001', (SELECT DATE_ADD((SELECT CURRENT_TIMESTAMP()), INTERVAL -1 DAY)) ,'P0000000000001', 'Puis-je avoir mes contrats mis à 0 euro ?', FALSE, TRUE, TRUE),
		('U0000000000001', (SELECT DATE_ADD((SELECT CURRENT_TIMESTAMP()), INTERVAL -2 DAY)) ,'P0000000000002', 'Pouvez-vous me dire si le prix de l''énergie va bientôt augmenter', FALSE, FALSE, FALSE),
		('U0000000000001', (SELECT DATE_ADD((SELECT CURRENT_TIMESTAMP()), INTERVAL -2 DAY)) ,'P0000000000002', 'Les prix de tous les contrats vont baissés', FALSE, FALSE, TRUE),
		('U0000000000001', (SELECT DATE_ADD((SELECT CURRENT_TIMESTAMP()), INTERVAL -2 DAY)) ,'P0000000000002', 'Est-ce que vous êtes là ?', FALSE, TRUE, FALSE),
		('U0000000000001', (SELECT DATE_ADD((SELECT CURRENT_TIMESTAMP()), INTERVAL -2 DAY)) ,'P0000000000002', 'Puis avoir une reduction vu que les temps sont difficiles', TRUE, TRUE, TRUE),
		('U0000000000001', (SELECT DATE_ADD((SELECT CURRENT_TIMESTAMP()), INTERVAL -2 DAY)) ,'P0000000000002', 'Puis-je avoir mes contrats mis à 0 euro ?', FALSE, TRUE, TRUE),
		('U0000000000001', (SELECT DATE_ADD((SELECT CURRENT_TIMESTAMP()), INTERVAL -3 DAY)) ,'P0000000000003', 'Pouvez-vous me dire si le prix de l''énergie va bientôt augmenter', FALSE, FALSE, FALSE),
		('U0000000000001', (SELECT DATE_ADD((SELECT CURRENT_TIMESTAMP()), INTERVAL -3 DAY)) ,'P0000000000003', 'Les prix de tous les contrats vont baissés', FALSE, FALSE, TRUE),
		('U0000000000001', (SELECT DATE_ADD((SELECT CURRENT_TIMESTAMP()), INTERVAL -3 DAY)) ,'P0000000000003', 'Est-ce que vous êtes là ?', FALSE, TRUE, FALSE),
		('U0000000000001', (SELECT DATE_ADD((SELECT CURRENT_TIMESTAMP()), INTERVAL -3 DAY)) ,'P0000000000003', 'Puis avoir une reduction vu que les temps sont difficiles', TRUE, TRUE, TRUE),
		('U0000000000001', (SELECT DATE_ADD((SELECT CURRENT_TIMESTAMP()), INTERVAL -3 DAY)) ,'P0000000000003', 'Puis-je avoir mes contrats mis à 0 euro ?', FALSE, TRUE, TRUE),
		('U0000000000001', (SELECT DATE_ADD((SELECT CURRENT_TIMESTAMP()), INTERVAL -4 DAY)) ,'P0000000000004', 'Pouvez-vous me dire si le prix de l''énergie va bientôt augmenter', FALSE, FALSE, FALSE),
		('U0000000000001', (SELECT DATE_ADD((SELECT CURRENT_TIMESTAMP()), INTERVAL -4 DAY)) ,'P0000000000004', 'Les prix de tous les contrats vont baissés', FALSE, FALSE, TRUE),
		('U0000000000001', (SELECT DATE_ADD((SELECT CURRENT_TIMESTAMP()), INTERVAL -4 DAY)) ,'P0000000000004', 'Est-ce que vous êtes là ?', FALSE, TRUE, FALSE),
		('U0000000000001', (SELECT DATE_ADD((SELECT CURRENT_TIMESTAMP()), INTERVAL -4 DAY)) ,'P0000000000004', 'Puis avoir une reduction vu que les temps sont difficiles', TRUE, TRUE, TRUE),
		('U0000000000001', (SELECT DATE_ADD((SELECT CURRENT_TIMESTAMP()), INTERVAL -4 DAY)) ,'P0000000000004', 'Puis-je avoir mes contrats mis à 0 euro ?', FALSE, TRUE, TRUE),
		('U0000000000001', (SELECT DATE_ADD((SELECT CURRENT_TIMESTAMP()), INTERVAL -5 DAY)) ,'P0000000000005', 'Pouvez-vous me dire si le prix de l''énergie va bientôt augmenter', FALSE, FALSE, FALSE),
		('U0000000000001', (SELECT DATE_ADD((SELECT CURRENT_TIMESTAMP()), INTERVAL -5 DAY)) ,'P0000000000005', 'Les prix de tous les contrats vont baissés', FALSE, FALSE, TRUE),
		('U0000000000001', (SELECT DATE_ADD((SELECT CURRENT_TIMESTAMP()), INTERVAL -5 DAY)) ,'P0000000000005', 'Est-ce que vous êtes là ?', FALSE, TRUE, FALSE),
		('U0000000000001', (SELECT DATE_ADD((SELECT CURRENT_TIMESTAMP()), INTERVAL -5 DAY)) ,'P0000000000005', 'Puis avoir une reduction vu que les temps sont difficiles', TRUE, TRUE, TRUE),
		('U0000000000001', (SELECT DATE_ADD((SELECT CURRENT_TIMESTAMP()), INTERVAL -5 DAY)) ,'P0000000000005', 'Puis-je avoir mes contrats mis à 0 euro ?', FALSE, TRUE, TRUE),
		('U0000000000001', (SELECT DATE_ADD((SELECT CURRENT_TIMESTAMP()), INTERVAL -6 DAY)) ,'P0000000000006', 'Pouvez-vous me dire si le prix de l''énergie va bientôt augmenter', FALSE, FALSE, FALSE),
		('U0000000000001', (SELECT DATE_ADD((SELECT CURRENT_TIMESTAMP()), INTERVAL -6 DAY)) ,'P0000000000006', 'Les prix de tous les contrats vont baissés', FALSE, FALSE, TRUE),
		('U0000000000001', (SELECT DATE_ADD((SELECT CURRENT_TIMESTAMP()), INTERVAL -6 DAY)) ,'P0000000000006', 'Est-ce que vous êtes là ?', FALSE, TRUE, FALSE),
		('U0000000000001', (SELECT DATE_ADD((SELECT CURRENT_TIMESTAMP()), INTERVAL -6 DAY)) ,'P0000000000006', 'Puis avoir une reduction vu que les temps sont difficiles', TRUE, TRUE, TRUE),
		('U0000000000001', (SELECT DATE_ADD((SELECT CURRENT_TIMESTAMP()), INTERVAL -6 DAY)) ,'P0000000000006', 'Puis-je avoir mes contrats mis à 0 euro ?', FALSE, TRUE, TRUE),
		('U0000000000001', (SELECT DATE_ADD((SELECT CURRENT_TIMESTAMP()), INTERVAL -7 DAY)) ,'P0000000000007', 'Pouvez-vous me dire si le prix de l''énergie va bientôt augmenter', FALSE, FALSE, FALSE),
		('U0000000000001', (SELECT DATE_ADD((SELECT CURRENT_TIMESTAMP()), INTERVAL -7 DAY)) ,'P0000000000007', 'Les prix de tous les contrats vont baissés', FALSE, FALSE, TRUE),
		('U0000000000001', (SELECT DATE_ADD((SELECT CURRENT_TIMESTAMP()), INTERVAL -7 DAY)) ,'P0000000000007', 'Est-ce que vous êtes là ?', FALSE, TRUE, FALSE),
		('U0000000000001', (SELECT DATE_ADD((SELECT CURRENT_TIMESTAMP()), INTERVAL -7 DAY)) ,'P0000000000007', 'Puis avoir une reduction vu que les temps sont difficiles', TRUE, TRUE, TRUE),
		('U0000000000001', (SELECT DATE_ADD((SELECT CURRENT_TIMESTAMP()), INTERVAL -7 DAY)) ,'P0000000000007', 'Puis-je avoir mes contrats mis à 0 euro ?', FALSE, TRUE, TRUE),
		('U0000000000001', (SELECT DATE_ADD((SELECT CURRENT_TIMESTAMP()), INTERVAL -8 DAY)) ,'P0000000000008', 'Pouvez-vous me dire si le prix de l''énergie va bientôt augmenter', FALSE, FALSE, FALSE),
		('U0000000000001', (SELECT DATE_ADD((SELECT CURRENT_TIMESTAMP()), INTERVAL -8 DAY)) ,'P0000000000008', 'Les prix de tous les contrats vont baissés', FALSE, FALSE, TRUE),
		('U0000000000001', (SELECT DATE_ADD((SELECT CURRENT_TIMESTAMP()), INTERVAL -8 DAY)) ,'P0000000000008', 'Est-ce que vous êtes là ?', FALSE, TRUE, FALSE),
		('U0000000000001', (SELECT DATE_ADD((SELECT CURRENT_TIMESTAMP()), INTERVAL -8 DAY)) ,'P0000000000008', 'Puis avoir une reduction vu que les temps sont difficiles', TRUE, TRUE, TRUE),
		('U0000000000001', (SELECT DATE_ADD((SELECT CURRENT_TIMESTAMP()), INTERVAL -8 DAY)) ,'P0000000000008', 'Puis-je avoir mes contrats mis à 0 euro ?', FALSE, TRUE, TRUE),
		('U0000000000001', (SELECT DATE_ADD((SELECT CURRENT_TIMESTAMP()), INTERVAL -9 DAY)) ,'P0000000000009', 'Pouvez-vous me dire si le prix de l''énergie va bientôt augmenter', FALSE, FALSE, FALSE),
		('U0000000000001', (SELECT DATE_ADD((SELECT CURRENT_TIMESTAMP()), INTERVAL -9 DAY)) ,'P0000000000009', 'Les prix de tous les contrats vont baissés', FALSE, FALSE, TRUE),
		('U0000000000001', (SELECT DATE_ADD((SELECT CURRENT_TIMESTAMP()), INTERVAL -9 DAY)) ,'P0000000000009', 'Est-ce que vous êtes là ?', FALSE, TRUE, FALSE),
		('U0000000000001', (SELECT DATE_ADD((SELECT CURRENT_TIMESTAMP()), INTERVAL -9 DAY)) ,'P0000000000009', 'Puis avoir une reduction vu que les temps sont difficiles', TRUE, TRUE, TRUE),
		('U0000000000001', (SELECT DATE_ADD((SELECT CURRENT_TIMESTAMP()), INTERVAL -9 DAY)) ,'P0000000000009', 'Puis-je avoir mes contrats mis à 0 euro ?', FALSE, TRUE, TRUE),
		('U0000000000001', (SELECT DATE_ADD((SELECT CURRENT_TIMESTAMP()), INTERVAL -10 DAY)) ,'P0000000000010', 'Pouvez-vous me dire si le prix de l''énergie va bientôt augmenter', FALSE, FALSE, FALSE),
		('U0000000000001', (SELECT DATE_ADD((SELECT CURRENT_TIMESTAMP()), INTERVAL -10 DAY)) ,'P0000000000010', 'Les prix de tous les contrats vont baissés', FALSE, FALSE, TRUE),
		('U0000000000001', (SELECT DATE_ADD((SELECT CURRENT_TIMESTAMP()), INTERVAL -10 DAY)) ,'P0000000000010', 'Est-ce que vous êtes là ?', FALSE, TRUE, FALSE),
		('U0000000000001', (SELECT DATE_ADD((SELECT CURRENT_TIMESTAMP()), INTERVAL -10 DAY)) ,'P0000000000010', 'Puis avoir une reduction vu que les temps sont difficiles', TRUE, TRUE, TRUE),
		('U0000000000001', (SELECT DATE_ADD((SELECT CURRENT_TIMESTAMP()), INTERVAL -10 DAY)) ,'P0000000000010', 'Puis-je avoir mes contrats mis à 0 euro ?', FALSE, TRUE, TRUE),
		('U0000000000001', (SELECT DATE_ADD((SELECT CURRENT_TIMESTAMP()), INTERVAL -11 DAY)) ,'P0000000000011', 'Pouvez-vous me dire si le prix de l''énergie va bientôt augmenter', FALSE, FALSE, FALSE),
		('U0000000000001', (SELECT DATE_ADD((SELECT CURRENT_TIMESTAMP()), INTERVAL -11 DAY)) ,'P0000000000011', 'Les prix de tous les contrats vont baissés', FALSE, FALSE, TRUE),
		('U0000000000001', (SELECT DATE_ADD((SELECT CURRENT_TIMESTAMP()), INTERVAL -11 DAY)) ,'P0000000000011', 'Est-ce que vous êtes là ?', FALSE, TRUE, FALSE),
		('U0000000000001', (SELECT DATE_ADD((SELECT CURRENT_TIMESTAMP()), INTERVAL -11 DAY)) ,'P0000000000011', 'Puis avoir une reduction vu que les temps sont difficiles', TRUE, TRUE, TRUE),
		('U0000000000001', (SELECT DATE_ADD((SELECT CURRENT_TIMESTAMP()), INTERVAL -11 DAY)) ,'P0000000000011', 'Puis-je avoir mes contrats mis à 0 euro ?', FALSE, TRUE, TRUE),
		('U0000000000001', (SELECT DATE_ADD((SELECT CURRENT_TIMESTAMP()), INTERVAL -12 DAY)) ,'P0000000000012', 'Pouvez-vous me dire si le prix de l''énergie va bientôt augmenter', FALSE, FALSE, FALSE),
		('U0000000000001', (SELECT DATE_ADD((SELECT CURRENT_TIMESTAMP()), INTERVAL -12 DAY)) ,'P0000000000012', 'Les prix de tous les contrats vont baissés', FALSE, FALSE, TRUE),
		('U0000000000001', (SELECT DATE_ADD((SELECT CURRENT_TIMESTAMP()), INTERVAL -12 DAY)) ,'P0000000000012', 'Est-ce que vous êtes là ?', FALSE, TRUE, FALSE),
		('U0000000000001', (SELECT DATE_ADD((SELECT CURRENT_TIMESTAMP()), INTERVAL -12 DAY)) ,'P0000000000012', 'Puis avoir une reduction vu que les temps sont difficiles', TRUE, TRUE, TRUE),
		('U0000000000001', (SELECT DATE_ADD((SELECT CURRENT_TIMESTAMP()), INTERVAL -12 DAY)) ,'P0000000000012', 'Puis-je avoir mes contrats mis à 0 euro ?', FALSE, TRUE, TRUE),
		('U0000000000001', (SELECT DATE_ADD((SELECT CURRENT_TIMESTAMP()), INTERVAL -13 DAY)) ,'P0000000000013', 'Pouvez-vous me dire si le prix de l''énergie va bientôt augmenter', FALSE, FALSE, FALSE),
		('U0000000000001', (SELECT DATE_ADD((SELECT CURRENT_TIMESTAMP()), INTERVAL -13 DAY)) ,'P0000000000013', 'Les prix de tous les contrats vont baissés', FALSE, FALSE, TRUE),
		('U0000000000001', (SELECT DATE_ADD((SELECT CURRENT_TIMESTAMP()), INTERVAL -13 DAY)) ,'P0000000000013', 'Est-ce que vous êtes là ?', FALSE, TRUE, FALSE),
		('U0000000000001', (SELECT DATE_ADD((SELECT CURRENT_TIMESTAMP()), INTERVAL -13 DAY)) ,'P0000000000013', 'Puis avoir une reduction vu que les temps sont difficiles', TRUE, TRUE, TRUE),
		('U0000000000001', (SELECT DATE_ADD((SELECT CURRENT_TIMESTAMP()), INTERVAL -13 DAY)) ,'P0000000000013', 'Puis-je avoir mes contrats mis à 0 euro ?', FALSE, TRUE, TRUE),
		('U0000000000001', (SELECT DATE_ADD((SELECT CURRENT_TIMESTAMP()), INTERVAL -14 DAY)) ,'P0000000000014', 'Pouvez-vous me dire si le prix de l''énergie va bientôt augmenter', FALSE, FALSE, FALSE),
		('U0000000000001', (SELECT DATE_ADD((SELECT CURRENT_TIMESTAMP()), INTERVAL -14 DAY)) ,'P0000000000014', 'Les prix de tous les contrats vont baissés', FALSE, FALSE, TRUE),
		('U0000000000001', (SELECT DATE_ADD((SELECT CURRENT_TIMESTAMP()), INTERVAL -14 DAY)) ,'P0000000000014', 'Est-ce que vous êtes là ?', FALSE, TRUE, FALSE),
		('U0000000000001', (SELECT DATE_ADD((SELECT CURRENT_TIMESTAMP()), INTERVAL -14 DAY)) ,'P0000000000014', 'Puis avoir une reduction vu que les temps sont difficiles', TRUE, TRUE, TRUE),
		('U0000000000001', (SELECT DATE_ADD((SELECT CURRENT_TIMESTAMP()), INTERVAL -14 DAY)) ,'P0000000000014', 'Puis-je avoir mes contrats mis à 0 euro ?', FALSE, TRUE, TRUE),
		('U0000000000001', (SELECT DATE_ADD((SELECT CURRENT_TIMESTAMP()), INTERVAL -15 DAY)) ,'P0000000000015', 'Pouvez-vous me dire si le prix de l''énergie va bientôt augmenter', FALSE, FALSE, FALSE),
		('U0000000000001', (SELECT DATE_ADD((SELECT CURRENT_TIMESTAMP()), INTERVAL -15 DAY)) ,'P0000000000015', 'Les prix de tous les contrats vont baissés', FALSE, FALSE, TRUE),
		('U0000000000001', (SELECT DATE_ADD((SELECT CURRENT_TIMESTAMP()), INTERVAL -15 DAY)) ,'P0000000000015', 'Est-ce que vous êtes là ?', FALSE, TRUE, FALSE),
		('U0000000000001', (SELECT DATE_ADD((SELECT CURRENT_TIMESTAMP()), INTERVAL -15 DAY)) ,'P0000000000015', 'Puis avoir une reduction vu que les temps sont difficiles', TRUE, TRUE, TRUE),
		('U0000000000001', (SELECT DATE_ADD((SELECT CURRENT_TIMESTAMP()), INTERVAL -15 DAY)) ,'P0000000000015', 'Puis-je avoir mes contrats mis à 0 euro ?', FALSE, TRUE, TRUE),
		('U0000000000001', (SELECT DATE_ADD((SELECT CURRENT_TIMESTAMP()), INTERVAL -16 DAY)) ,'P0000000000016', 'Pouvez-vous me dire si le prix de l''énergie va bientôt augmenter', FALSE, FALSE, FALSE),
		('U0000000000001', (SELECT DATE_ADD((SELECT CURRENT_TIMESTAMP()), INTERVAL -16 DAY)) ,'P0000000000016', 'Les prix de tous les contrats vont baissés', FALSE, FALSE, TRUE),
		('U0000000000001', (SELECT DATE_ADD((SELECT CURRENT_TIMESTAMP()), INTERVAL -16 DAY)) ,'P0000000000016', 'Est-ce que vous êtes là ?', FALSE, TRUE, FALSE),
		('U0000000000001', (SELECT DATE_ADD((SELECT CURRENT_TIMESTAMP()), INTERVAL -16 DAY)) ,'P0000000000016', 'Puis avoir une reduction vu que les temps sont difficiles', TRUE, TRUE, TRUE),
		('U0000000000001', (SELECT DATE_ADD((SELECT CURRENT_TIMESTAMP()), INTERVAL -16 DAY)) ,'P0000000000016', 'Puis-je avoir mes contrats mis à 0 euro ?', FALSE, TRUE, TRUE),
		('U0000000000001', (SELECT DATE_ADD((SELECT CURRENT_TIMESTAMP()), INTERVAL -17 DAY)) ,'P0000000000017', 'Pouvez-vous me dire si le prix de l''énergie va bientôt augmenter', FALSE, FALSE, FALSE),
		('U0000000000001', (SELECT DATE_ADD((SELECT CURRENT_TIMESTAMP()), INTERVAL -17 DAY)) ,'P0000000000017', 'Les prix de tous les contrats vont baissés', FALSE, FALSE, TRUE),
		('U0000000000001', (SELECT DATE_ADD((SELECT CURRENT_TIMESTAMP()), INTERVAL -17 DAY)) ,'P0000000000017', 'Est-ce que vous êtes là ?', FALSE, TRUE, FALSE),
		('U0000000000001', (SELECT DATE_ADD((SELECT CURRENT_TIMESTAMP()), INTERVAL -17 DAY)) ,'P0000000000017', 'Puis avoir une reduction vu que les temps sont difficiles', TRUE, TRUE, TRUE),
		('U0000000000001', (SELECT DATE_ADD((SELECT CURRENT_TIMESTAMP()), INTERVAL -17 DAY)) ,'P0000000000017', 'Puis-je avoir mes contrats mis à 0 euro ?', FALSE, TRUE, TRUE),
		('U0000000000001', (SELECT DATE_ADD((SELECT CURRENT_TIMESTAMP()), INTERVAL -18 DAY)) ,'P0000000000018', 'Pouvez-vous me dire si le prix de l''énergie va bientôt augmenter', FALSE, FALSE, FALSE),
		('U0000000000001', (SELECT DATE_ADD((SELECT CURRENT_TIMESTAMP()), INTERVAL -18 DAY)) ,'P0000000000018', 'Les prix de tous les contrats vont baissés', FALSE, FALSE, TRUE),
		('U0000000000001', (SELECT DATE_ADD((SELECT CURRENT_TIMESTAMP()), INTERVAL -18 DAY)) ,'P0000000000018', 'Est-ce que vous êtes là ?', FALSE, TRUE, FALSE),
		('U0000000000001', (SELECT DATE_ADD((SELECT CURRENT_TIMESTAMP()), INTERVAL -18 DAY)) ,'P0000000000018', 'Puis avoir une reduction vu que les temps sont difficiles', TRUE, TRUE, TRUE),
		('U0000000000001', (SELECT DATE_ADD((SELECT CURRENT_TIMESTAMP()), INTERVAL -18 DAY)) ,'P0000000000018', 'Puis-je avoir mes contrats mis à 0 euro ?', FALSE, TRUE, TRUE),
		('U0000000000002', (SELECT DATE_ADD((SELECT CURRENT_TIMESTAMP()), INTERVAL -1 DAY)) ,'P0000000000001', 'Pouvez-vous me dire si le prix de l''énergie va bientôt augmenter', FALSE, FALSE, FALSE),
		('U0000000000002', (SELECT DATE_ADD((SELECT CURRENT_TIMESTAMP()), INTERVAL -1 DAY)) ,'P0000000000001', 'Les prix de tous les contrats vont baissés', FALSE, FALSE, TRUE),
		('U0000000000002', (SELECT DATE_ADD((SELECT CURRENT_TIMESTAMP()), INTERVAL -1 DAY)) ,'P0000000000001', 'Est-ce que vous êtes là ?', FALSE, TRUE, FALSE),
		('U0000000000002', (SELECT DATE_ADD((SELECT CURRENT_TIMESTAMP()), INTERVAL -1 DAY)) ,'P0000000000001', 'Puis avoir une reduction vu que les temps sont difficiles', TRUE, TRUE, TRUE),
		('U0000000000002', (SELECT DATE_ADD((SELECT CURRENT_TIMESTAMP()), INTERVAL -1 DAY)) ,'P0000000000001', 'Puis-je avoir mes contrats mis à 0 euro ?', FALSE, TRUE, TRUE),
		('U0000000000002', (SELECT DATE_ADD((SELECT CURRENT_TIMESTAMP()), INTERVAL -2 DAY)) ,'P0000000000002', 'Pouvez-vous me dire si le prix de l''énergie va bientôt augmenter', FALSE, FALSE, FALSE),
		('U0000000000002', (SELECT DATE_ADD((SELECT CURRENT_TIMESTAMP()), INTERVAL -2 DAY)) ,'P0000000000002', 'Les prix de tous les contrats vont baissés', FALSE, FALSE, TRUE),
		('U0000000000002', (SELECT DATE_ADD((SELECT CURRENT_TIMESTAMP()), INTERVAL -2 DAY)) ,'P0000000000002', 'Est-ce que vous êtes là ?', FALSE, TRUE, FALSE),
		('U0000000000002', (SELECT DATE_ADD((SELECT CURRENT_TIMESTAMP()), INTERVAL -2 DAY)) ,'P0000000000002', 'Puis avoir une reduction vu que les temps sont difficiles', TRUE, TRUE, TRUE),
		('U0000000000002', (SELECT DATE_ADD((SELECT CURRENT_TIMESTAMP()), INTERVAL -2 DAY)) ,'P0000000000002', 'Puis-je avoir mes contrats mis à 0 euro ?', FALSE, TRUE, TRUE),
		('U0000000000002', (SELECT DATE_ADD((SELECT CURRENT_TIMESTAMP()), INTERVAL -3 DAY)) ,'P0000000000003', 'Pouvez-vous me dire si le prix de l''énergie va bientôt augmenter', FALSE, FALSE, FALSE),
		('U0000000000002', (SELECT DATE_ADD((SELECT CURRENT_TIMESTAMP()), INTERVAL -3 DAY)) ,'P0000000000003', 'Les prix de tous les contrats vont baissés', FALSE, FALSE, TRUE),
		('U0000000000002', (SELECT DATE_ADD((SELECT CURRENT_TIMESTAMP()), INTERVAL -3 DAY)) ,'P0000000000003', 'Est-ce que vous êtes là ?', FALSE, TRUE, FALSE),
		('U0000000000002', (SELECT DATE_ADD((SELECT CURRENT_TIMESTAMP()), INTERVAL -3 DAY)) ,'P0000000000003', 'Puis avoir une reduction vu que les temps sont difficiles', TRUE, TRUE, TRUE),
		('U0000000000002', (SELECT DATE_ADD((SELECT CURRENT_TIMESTAMP()), INTERVAL -3 DAY)) ,'P0000000000003', 'Puis-je avoir mes contrats mis à 0 euro ?', FALSE, TRUE, TRUE),
		('U0000000000002', (SELECT DATE_ADD((SELECT CURRENT_TIMESTAMP()), INTERVAL -4 DAY)) ,'P0000000000004', 'Pouvez-vous me dire si le prix de l''énergie va bientôt augmenter', FALSE, FALSE, FALSE),
		('U0000000000002', (SELECT DATE_ADD((SELECT CURRENT_TIMESTAMP()), INTERVAL -4 DAY)) ,'P0000000000004', 'Les prix de tous les contrats vont baissés', FALSE, FALSE, TRUE),
		('U0000000000002', (SELECT DATE_ADD((SELECT CURRENT_TIMESTAMP()), INTERVAL -4 DAY)) ,'P0000000000004', 'Est-ce que vous êtes là ?', FALSE, TRUE, FALSE),
		('U0000000000002', (SELECT DATE_ADD((SELECT CURRENT_TIMESTAMP()), INTERVAL -4 DAY)) ,'P0000000000004', 'Puis avoir une reduction vu que les temps sont difficiles', TRUE, TRUE, TRUE),
		('U0000000000002', (SELECT DATE_ADD((SELECT CURRENT_TIMESTAMP()), INTERVAL -4 DAY)) ,'P0000000000004', 'Puis-je avoir mes contrats mis à 0 euro ?', FALSE, TRUE, TRUE),
		('U0000000000002', (SELECT DATE_ADD((SELECT CURRENT_TIMESTAMP()), INTERVAL -5 DAY)) ,'P0000000000005', 'Pouvez-vous me dire si le prix de l''énergie va bientôt augmenter', FALSE, FALSE, FALSE),
		('U0000000000002', (SELECT DATE_ADD((SELECT CURRENT_TIMESTAMP()), INTERVAL -5 DAY)) ,'P0000000000005', 'Les prix de tous les contrats vont baissés', FALSE, FALSE, TRUE),
		('U0000000000002', (SELECT DATE_ADD((SELECT CURRENT_TIMESTAMP()), INTERVAL -5 DAY)) ,'P0000000000005', 'Est-ce que vous êtes là ?', FALSE, TRUE, FALSE),
		('U0000000000002', (SELECT DATE_ADD((SELECT CURRENT_TIMESTAMP()), INTERVAL -5 DAY)) ,'P0000000000005', 'Puis avoir une reduction vu que les temps sont difficiles', TRUE, TRUE, TRUE),
		('U0000000000002', (SELECT DATE_ADD((SELECT CURRENT_TIMESTAMP()), INTERVAL -5 DAY)) ,'P0000000000005', 'Puis-je avoir mes contrats mis à 0 euro ?', FALSE, TRUE, TRUE),
		('U0000000000002', (SELECT DATE_ADD((SELECT CURRENT_TIMESTAMP()), INTERVAL -6 DAY)) ,'P0000000000006', 'Pouvez-vous me dire si le prix de l''énergie va bientôt augmenter', FALSE, FALSE, FALSE),
		('U0000000000002', (SELECT DATE_ADD((SELECT CURRENT_TIMESTAMP()), INTERVAL -6 DAY)) ,'P0000000000006', 'Les prix de tous les contrats vont baissés', FALSE, FALSE, TRUE),
		('U0000000000002', (SELECT DATE_ADD((SELECT CURRENT_TIMESTAMP()), INTERVAL -6 DAY)) ,'P0000000000006', 'Est-ce que vous êtes là ?', FALSE, TRUE, FALSE),
		('U0000000000002', (SELECT DATE_ADD((SELECT CURRENT_TIMESTAMP()), INTERVAL -6 DAY)) ,'P0000000000006', 'Puis avoir une reduction vu que les temps sont difficiles', TRUE, TRUE, TRUE),
		('U0000000000002', (SELECT DATE_ADD((SELECT CURRENT_TIMESTAMP()), INTERVAL -6 DAY)) ,'P0000000000006', 'Puis-je avoir mes contrats mis à 0 euro ?', FALSE, TRUE, TRUE),
		('U0000000000002', (SELECT DATE_ADD((SELECT CURRENT_TIMESTAMP()), INTERVAL -7 DAY)) ,'P0000000000007', 'Pouvez-vous me dire si le prix de l''énergie va bientôt augmenter', FALSE, FALSE, FALSE),
		('U0000000000002', (SELECT DATE_ADD((SELECT CURRENT_TIMESTAMP()), INTERVAL -7 DAY)) ,'P0000000000007', 'Les prix de tous les contrats vont baissés', FALSE, FALSE, TRUE),
		('U0000000000002', (SELECT DATE_ADD((SELECT CURRENT_TIMESTAMP()), INTERVAL -7 DAY)) ,'P0000000000007', 'Est-ce que vous êtes là ?', FALSE, TRUE, FALSE),
		('U0000000000002', (SELECT DATE_ADD((SELECT CURRENT_TIMESTAMP()), INTERVAL -7 DAY)) ,'P0000000000007', 'Puis avoir une reduction vu que les temps sont difficiles', TRUE, TRUE, TRUE),
		('U0000000000002', (SELECT DATE_ADD((SELECT CURRENT_TIMESTAMP()), INTERVAL -7 DAY)) ,'P0000000000007', 'Puis-je avoir mes contrats mis à 0 euro ?', FALSE, TRUE, TRUE),
		('U0000000000002', (SELECT DATE_ADD((SELECT CURRENT_TIMESTAMP()), INTERVAL -8 DAY)) ,'P0000000000008', 'Pouvez-vous me dire si le prix de l''énergie va bientôt augmenter', FALSE, FALSE, FALSE),
		('U0000000000002', (SELECT DATE_ADD((SELECT CURRENT_TIMESTAMP()), INTERVAL -8 DAY)) ,'P0000000000008', 'Les prix de tous les contrats vont baissés', FALSE, FALSE, TRUE),
		('U0000000000002', (SELECT DATE_ADD((SELECT CURRENT_TIMESTAMP()), INTERVAL -8 DAY)) ,'P0000000000008', 'Est-ce que vous êtes là ?', FALSE, TRUE, FALSE),
		('U0000000000002', (SELECT DATE_ADD((SELECT CURRENT_TIMESTAMP()), INTERVAL -8 DAY)) ,'P0000000000008', 'Puis avoir une reduction vu que les temps sont difficiles', TRUE, TRUE, TRUE),
		('U0000000000002', (SELECT DATE_ADD((SELECT CURRENT_TIMESTAMP()), INTERVAL -8 DAY)) ,'P0000000000008', 'Puis-je avoir mes contrats mis à 0 euro ?', FALSE, TRUE, TRUE),
		('U0000000000002', (SELECT DATE_ADD((SELECT CURRENT_TIMESTAMP()), INTERVAL -9 DAY)) ,'P0000000000009', 'Pouvez-vous me dire si le prix de l''énergie va bientôt augmenter', FALSE, FALSE, FALSE),
		('U0000000000002', (SELECT DATE_ADD((SELECT CURRENT_TIMESTAMP()), INTERVAL -9 DAY)) ,'P0000000000009', 'Les prix de tous les contrats vont baissés', FALSE, FALSE, TRUE),
		('U0000000000002', (SELECT DATE_ADD((SELECT CURRENT_TIMESTAMP()), INTERVAL -9 DAY)) ,'P0000000000009', 'Est-ce que vous êtes là ?', FALSE, TRUE, FALSE),
		('U0000000000002', (SELECT DATE_ADD((SELECT CURRENT_TIMESTAMP()), INTERVAL -9 DAY)) ,'P0000000000009', 'Puis avoir une reduction vu que les temps sont difficiles', TRUE, TRUE, TRUE),
		('U0000000000002', (SELECT DATE_ADD((SELECT CURRENT_TIMESTAMP()), INTERVAL -9 DAY)) ,'P0000000000009', 'Puis-je avoir mes contrats mis à 0 euro ?', FALSE, TRUE, TRUE),
		('U0000000000002', (SELECT DATE_ADD((SELECT CURRENT_TIMESTAMP()), INTERVAL -10 DAY)) ,'P0000000000010', 'Pouvez-vous me dire si le prix de l''énergie va bientôt augmenter', FALSE, FALSE, FALSE),
		('U0000000000002', (SELECT DATE_ADD((SELECT CURRENT_TIMESTAMP()), INTERVAL -10 DAY)) ,'P0000000000010', 'Les prix de tous les contrats vont baissés', FALSE, FALSE, TRUE),
		('U0000000000002', (SELECT DATE_ADD((SELECT CURRENT_TIMESTAMP()), INTERVAL -10 DAY)) ,'P0000000000010', 'Est-ce que vous êtes là ?', FALSE, TRUE, FALSE),
		('U0000000000002', (SELECT DATE_ADD((SELECT CURRENT_TIMESTAMP()), INTERVAL -10 DAY)) ,'P0000000000010', 'Puis avoir une reduction vu que les temps sont difficiles', TRUE, TRUE, TRUE),
		('U0000000000002', (SELECT DATE_ADD((SELECT CURRENT_TIMESTAMP()), INTERVAL -10 DAY)) ,'P0000000000010', 'Puis-je avoir mes contrats mis à 0 euro ?', FALSE, TRUE, TRUE),
		('U0000000000002', (SELECT DATE_ADD((SELECT CURRENT_TIMESTAMP()), INTERVAL -11 DAY)) ,'P0000000000011', 'Pouvez-vous me dire si le prix de l''énergie va bientôt augmenter', FALSE, FALSE, FALSE),
		('U0000000000002', (SELECT DATE_ADD((SELECT CURRENT_TIMESTAMP()), INTERVAL -11 DAY)) ,'P0000000000011', 'Les prix de tous les contrats vont baissés', FALSE, FALSE, TRUE),
		('U0000000000002', (SELECT DATE_ADD((SELECT CURRENT_TIMESTAMP()), INTERVAL -11 DAY)) ,'P0000000000011', 'Est-ce que vous êtes là ?', FALSE, TRUE, FALSE),
		('U0000000000002', (SELECT DATE_ADD((SELECT CURRENT_TIMESTAMP()), INTERVAL -11 DAY)) ,'P0000000000011', 'Puis avoir une reduction vu que les temps sont difficiles', TRUE, TRUE, TRUE),
		('U0000000000002', (SELECT DATE_ADD((SELECT CURRENT_TIMESTAMP()), INTERVAL -11 DAY)) ,'P0000000000011', 'Puis-je avoir mes contrats mis à 0 euro ?', FALSE, TRUE, TRUE),
		('U0000000000002', (SELECT DATE_ADD((SELECT CURRENT_TIMESTAMP()), INTERVAL -12 DAY)) ,'P0000000000012', 'Pouvez-vous me dire si le prix de l''énergie va bientôt augmenter', FALSE, FALSE, FALSE),
		('U0000000000002', (SELECT DATE_ADD((SELECT CURRENT_TIMESTAMP()), INTERVAL -12 DAY)) ,'P0000000000012', 'Les prix de tous les contrats vont baissés', FALSE, FALSE, TRUE),
		('U0000000000002', (SELECT DATE_ADD((SELECT CURRENT_TIMESTAMP()), INTERVAL -12 DAY)) ,'P0000000000012', 'Est-ce que vous êtes là ?', FALSE, TRUE, FALSE),
		('U0000000000002', (SELECT DATE_ADD((SELECT CURRENT_TIMESTAMP()), INTERVAL -12 DAY)) ,'P0000000000012', 'Puis avoir une reduction vu que les temps sont difficiles', TRUE, TRUE, TRUE),
		('U0000000000002', (SELECT DATE_ADD((SELECT CURRENT_TIMESTAMP()), INTERVAL -12 DAY)) ,'P0000000000012', 'Puis-je avoir mes contrats mis à 0 euro ?', FALSE, TRUE, TRUE),
		('U0000000000002', (SELECT DATE_ADD((SELECT CURRENT_TIMESTAMP()), INTERVAL -13 DAY)) ,'P0000000000013', 'Pouvez-vous me dire si le prix de l''énergie va bientôt augmenter', FALSE, FALSE, FALSE),
		('U0000000000002', (SELECT DATE_ADD((SELECT CURRENT_TIMESTAMP()), INTERVAL -13 DAY)) ,'P0000000000013', 'Les prix de tous les contrats vont baissés', FALSE, FALSE, TRUE),
		('U0000000000002', (SELECT DATE_ADD((SELECT CURRENT_TIMESTAMP()), INTERVAL -13 DAY)) ,'P0000000000013', 'Est-ce que vous êtes là ?', FALSE, TRUE, FALSE),
		('U0000000000002', (SELECT DATE_ADD((SELECT CURRENT_TIMESTAMP()), INTERVAL -13 DAY)) ,'P0000000000013', 'Puis avoir une reduction vu que les temps sont difficiles', TRUE, TRUE, TRUE),
		('U0000000000002', (SELECT DATE_ADD((SELECT CURRENT_TIMESTAMP()), INTERVAL -13 DAY)) ,'P0000000000013', 'Puis-je avoir mes contrats mis à 0 euro ?', FALSE, TRUE, TRUE),
		('U0000000000002', (SELECT DATE_ADD((SELECT CURRENT_TIMESTAMP()), INTERVAL -14 DAY)) ,'P0000000000014', 'Pouvez-vous me dire si le prix de l''énergie va bientôt augmenter', FALSE, FALSE, FALSE),
		('U0000000000002', (SELECT DATE_ADD((SELECT CURRENT_TIMESTAMP()), INTERVAL -14 DAY)) ,'P0000000000014', 'Les prix de tous les contrats vont baissés', FALSE, FALSE, TRUE),
		('U0000000000002', (SELECT DATE_ADD((SELECT CURRENT_TIMESTAMP()), INTERVAL -14 DAY)) ,'P0000000000014', 'Est-ce que vous êtes là ?', FALSE, TRUE, FALSE),
		('U0000000000002', (SELECT DATE_ADD((SELECT CURRENT_TIMESTAMP()), INTERVAL -14 DAY)) ,'P0000000000014', 'Puis avoir une reduction vu que les temps sont difficiles', TRUE, TRUE, TRUE),
		('U0000000000002', (SELECT DATE_ADD((SELECT CURRENT_TIMESTAMP()), INTERVAL -14 DAY)) ,'P0000000000014', 'Puis-je avoir mes contrats mis à 0 euro ?', FALSE, TRUE, TRUE),
		('U0000000000002', (SELECT DATE_ADD((SELECT CURRENT_TIMESTAMP()), INTERVAL -15 DAY)) ,'P0000000000015', 'Pouvez-vous me dire si le prix de l''énergie va bientôt augmenter', FALSE, FALSE, FALSE),
		('U0000000000002', (SELECT DATE_ADD((SELECT CURRENT_TIMESTAMP()), INTERVAL -15 DAY)) ,'P0000000000015', 'Les prix de tous les contrats vont baissés', FALSE, FALSE, TRUE),
		('U0000000000002', (SELECT DATE_ADD((SELECT CURRENT_TIMESTAMP()), INTERVAL -15 DAY)) ,'P0000000000015', 'Est-ce que vous êtes là ?', FALSE, TRUE, FALSE),
		('U0000000000002', (SELECT DATE_ADD((SELECT CURRENT_TIMESTAMP()), INTERVAL -15 DAY)) ,'P0000000000015', 'Puis avoir une reduction vu que les temps sont difficiles', TRUE, TRUE, TRUE),
		('U0000000000002', (SELECT DATE_ADD((SELECT CURRENT_TIMESTAMP()), INTERVAL -15 DAY)) ,'P0000000000015', 'Puis-je avoir mes contrats mis à 0 euro ?', FALSE, TRUE, TRUE),
		('U0000000000002', (SELECT DATE_ADD((SELECT CURRENT_TIMESTAMP()), INTERVAL -16 DAY)) ,'P0000000000016', 'Pouvez-vous me dire si le prix de l''énergie va bientôt augmenter', FALSE, FALSE, FALSE),
		('U0000000000002', (SELECT DATE_ADD((SELECT CURRENT_TIMESTAMP()), INTERVAL -16 DAY)) ,'P0000000000016', 'Les prix de tous les contrats vont baissés', FALSE, FALSE, TRUE),
		('U0000000000002', (SELECT DATE_ADD((SELECT CURRENT_TIMESTAMP()), INTERVAL -16 DAY)) ,'P0000000000016', 'Est-ce que vous êtes là ?', FALSE, TRUE, FALSE),
		('U0000000000002', (SELECT DATE_ADD((SELECT CURRENT_TIMESTAMP()), INTERVAL -16 DAY)) ,'P0000000000016', 'Puis avoir une reduction vu que les temps sont difficiles', TRUE, TRUE, TRUE),
		('U0000000000002', (SELECT DATE_ADD((SELECT CURRENT_TIMESTAMP()), INTERVAL -16 DAY)) ,'P0000000000016', 'Puis-je avoir mes contrats mis à 0 euro ?', FALSE, TRUE, TRUE),
		('U0000000000002', (SELECT DATE_ADD((SELECT CURRENT_TIMESTAMP()), INTERVAL -17 DAY)) ,'P0000000000017', 'Pouvez-vous me dire si le prix de l''énergie va bientôt augmenter', FALSE, FALSE, FALSE),
		('U0000000000002', (SELECT DATE_ADD((SELECT CURRENT_TIMESTAMP()), INTERVAL -17 DAY)) ,'P0000000000017', 'Les prix de tous les contrats vont baissés', FALSE, FALSE, TRUE),
		('U0000000000002', (SELECT DATE_ADD((SELECT CURRENT_TIMESTAMP()), INTERVAL -17 DAY)) ,'P0000000000017', 'Est-ce que vous êtes là ?', FALSE, TRUE, FALSE),
		('U0000000000002', (SELECT DATE_ADD((SELECT CURRENT_TIMESTAMP()), INTERVAL -17 DAY)) ,'P0000000000017', 'Puis avoir une reduction vu que les temps sont difficiles', TRUE, TRUE, TRUE),
		('U0000000000002', (SELECT DATE_ADD((SELECT CURRENT_TIMESTAMP()), INTERVAL -17 DAY)) ,'P0000000000017', 'Puis-je avoir mes contrats mis à 0 euro ?', FALSE, TRUE, TRUE),
		('U0000000000002', (SELECT DATE_ADD((SELECT CURRENT_TIMESTAMP()), INTERVAL -18 DAY)) ,'P0000000000018', 'Pouvez-vous me dire si le prix de l''énergie va bientôt augmenter', FALSE, FALSE, FALSE),
		('U0000000000002', (SELECT DATE_ADD((SELECT CURRENT_TIMESTAMP()), INTERVAL -18 DAY)) ,'P0000000000018', 'Les prix de tous les contrats vont baissés', FALSE, FALSE, TRUE),
		('U0000000000002', (SELECT DATE_ADD((SELECT CURRENT_TIMESTAMP()), INTERVAL -18 DAY)) ,'P0000000000018', 'Est-ce que vous êtes là ?', FALSE, TRUE, FALSE),
		('U0000000000002', (SELECT DATE_ADD((SELECT CURRENT_TIMESTAMP()), INTERVAL -18 DAY)) ,'P0000000000018', 'Puis avoir une reduction vu que les temps sont difficiles', TRUE, TRUE, TRUE),
		('U0000000000002', (SELECT DATE_ADD((SELECT CURRENT_TIMESTAMP()), INTERVAL -18 DAY)) ,'P0000000000018', 'Puis-je avoir mes contrats mis à 0 euro ?', FALSE, TRUE, TRUE),
		('U0000000000003', (SELECT DATE_ADD((SELECT CURRENT_TIMESTAMP()), INTERVAL -1 DAY)) ,'P0000000000001', 'Pouvez-vous me dire si le prix de l''énergie va bientôt augmenter', FALSE, FALSE, FALSE),
		('U0000000000003', (SELECT DATE_ADD((SELECT CURRENT_TIMESTAMP()), INTERVAL -1 DAY)) ,'P0000000000001', 'Les prix de tous les contrats vont baissés', FALSE, FALSE, TRUE),
		('U0000000000003', (SELECT DATE_ADD((SELECT CURRENT_TIMESTAMP()), INTERVAL -1 DAY)) ,'P0000000000001', 'Est-ce que vous êtes là ?', FALSE, TRUE, FALSE),
		('U0000000000003', (SELECT DATE_ADD((SELECT CURRENT_TIMESTAMP()), INTERVAL -1 DAY)) ,'P0000000000001', 'Puis avoir une reduction vu que les temps sont difficiles', TRUE, TRUE, TRUE),
		('U0000000000003', (SELECT DATE_ADD((SELECT CURRENT_TIMESTAMP()), INTERVAL -1 DAY)) ,'P0000000000001', 'Puis-je avoir mes contrats mis à 0 euro ?', FALSE, TRUE, TRUE),
		('U0000000000003', (SELECT DATE_ADD((SELECT CURRENT_TIMESTAMP()), INTERVAL -2 DAY)) ,'P0000000000002', 'Pouvez-vous me dire si le prix de l''énergie va bientôt augmenter', FALSE, FALSE, FALSE),
		('U0000000000003', (SELECT DATE_ADD((SELECT CURRENT_TIMESTAMP()), INTERVAL -2 DAY)) ,'P0000000000002', 'Les prix de tous les contrats vont baissés', FALSE, FALSE, TRUE),
		('U0000000000003', (SELECT DATE_ADD((SELECT CURRENT_TIMESTAMP()), INTERVAL -2 DAY)) ,'P0000000000002', 'Est-ce que vous êtes là ?', FALSE, TRUE, FALSE),
		('U0000000000003', (SELECT DATE_ADD((SELECT CURRENT_TIMESTAMP()), INTERVAL -2 DAY)) ,'P0000000000002', 'Puis avoir une reduction vu que les temps sont difficiles', TRUE, TRUE, TRUE),
		('U0000000000003', (SELECT DATE_ADD((SELECT CURRENT_TIMESTAMP()), INTERVAL -2 DAY)) ,'P0000000000002', 'Puis-je avoir mes contrats mis à 0 euro ?', FALSE, TRUE, TRUE),
		('U0000000000003', (SELECT DATE_ADD((SELECT CURRENT_TIMESTAMP()), INTERVAL -3 DAY)) ,'P0000000000003', 'Pouvez-vous me dire si le prix de l''énergie va bientôt augmenter', FALSE, FALSE, FALSE),
		('U0000000000003', (SELECT DATE_ADD((SELECT CURRENT_TIMESTAMP()), INTERVAL -3 DAY)) ,'P0000000000003', 'Les prix de tous les contrats vont baissés', FALSE, FALSE, TRUE),
		('U0000000000003', (SELECT DATE_ADD((SELECT CURRENT_TIMESTAMP()), INTERVAL -3 DAY)) ,'P0000000000003', 'Est-ce que vous êtes là ?', FALSE, TRUE, FALSE),
		('U0000000000003', (SELECT DATE_ADD((SELECT CURRENT_TIMESTAMP()), INTERVAL -3 DAY)) ,'P0000000000003', 'Puis avoir une reduction vu que les temps sont difficiles', TRUE, TRUE, TRUE),
		('U0000000000003', (SELECT DATE_ADD((SELECT CURRENT_TIMESTAMP()), INTERVAL -3 DAY)) ,'P0000000000003', 'Puis-je avoir mes contrats mis à 0 euro ?', FALSE, TRUE, TRUE),
		('U0000000000003', (SELECT DATE_ADD((SELECT CURRENT_TIMESTAMP()), INTERVAL -4 DAY)) ,'P0000000000004', 'Pouvez-vous me dire si le prix de l''énergie va bientôt augmenter', FALSE, FALSE, FALSE),
		('U0000000000003', (SELECT DATE_ADD((SELECT CURRENT_TIMESTAMP()), INTERVAL -4 DAY)) ,'P0000000000004', 'Les prix de tous les contrats vont baissés', FALSE, FALSE, TRUE),
		('U0000000000003', (SELECT DATE_ADD((SELECT CURRENT_TIMESTAMP()), INTERVAL -4 DAY)) ,'P0000000000004', 'Est-ce que vous êtes là ?', FALSE, TRUE, FALSE),
		('U0000000000003', (SELECT DATE_ADD((SELECT CURRENT_TIMESTAMP()), INTERVAL -4 DAY)) ,'P0000000000004', 'Puis avoir une reduction vu que les temps sont difficiles', TRUE, TRUE, TRUE),
		('U0000000000003', (SELECT DATE_ADD((SELECT CURRENT_TIMESTAMP()), INTERVAL -4 DAY)) ,'P0000000000004', 'Puis-je avoir mes contrats mis à 0 euro ?', FALSE, TRUE, TRUE),
		('U0000000000003', (SELECT DATE_ADD((SELECT CURRENT_TIMESTAMP()), INTERVAL -5 DAY)) ,'P0000000000005', 'Pouvez-vous me dire si le prix de l''énergie va bientôt augmenter', FALSE, FALSE, FALSE),
		('U0000000000003', (SELECT DATE_ADD((SELECT CURRENT_TIMESTAMP()), INTERVAL -5 DAY)) ,'P0000000000005', 'Les prix de tous les contrats vont baissés', FALSE, FALSE, TRUE),
		('U0000000000003', (SELECT DATE_ADD((SELECT CURRENT_TIMESTAMP()), INTERVAL -5 DAY)) ,'P0000000000005', 'Est-ce que vous êtes là ?', FALSE, TRUE, FALSE),
		('U0000000000003', (SELECT DATE_ADD((SELECT CURRENT_TIMESTAMP()), INTERVAL -5 DAY)) ,'P0000000000005', 'Puis avoir une reduction vu que les temps sont difficiles', TRUE, TRUE, TRUE),
		('U0000000000003', (SELECT DATE_ADD((SELECT CURRENT_TIMESTAMP()), INTERVAL -5 DAY)) ,'P0000000000005', 'Puis-je avoir mes contrats mis à 0 euro ?', FALSE, TRUE, TRUE),
		('U0000000000003', (SELECT DATE_ADD((SELECT CURRENT_TIMESTAMP()), INTERVAL -6 DAY)) ,'P0000000000006', 'Pouvez-vous me dire si le prix de l''énergie va bientôt augmenter', FALSE, FALSE, FALSE),
		('U0000000000003', (SELECT DATE_ADD((SELECT CURRENT_TIMESTAMP()), INTERVAL -6 DAY)) ,'P0000000000006', 'Les prix de tous les contrats vont baissés', FALSE, FALSE, TRUE),
		('U0000000000003', (SELECT DATE_ADD((SELECT CURRENT_TIMESTAMP()), INTERVAL -6 DAY)) ,'P0000000000006', 'Est-ce que vous êtes là ?', FALSE, TRUE, FALSE),
		('U0000000000003', (SELECT DATE_ADD((SELECT CURRENT_TIMESTAMP()), INTERVAL -6 DAY)) ,'P0000000000006', 'Puis avoir une reduction vu que les temps sont difficiles', TRUE, TRUE, TRUE),
		('U0000000000003', (SELECT DATE_ADD((SELECT CURRENT_TIMESTAMP()), INTERVAL -6 DAY)) ,'P0000000000006', 'Puis-je avoir mes contrats mis à 0 euro ?', FALSE, TRUE, TRUE),
		('U0000000000003', (SELECT DATE_ADD((SELECT CURRENT_TIMESTAMP()), INTERVAL -7 DAY)) ,'P0000000000007', 'Pouvez-vous me dire si le prix de l''énergie va bientôt augmenter', FALSE, FALSE, FALSE),
		('U0000000000003', (SELECT DATE_ADD((SELECT CURRENT_TIMESTAMP()), INTERVAL -7 DAY)) ,'P0000000000007', 'Les prix de tous les contrats vont baissés', FALSE, FALSE, TRUE),
		('U0000000000003', (SELECT DATE_ADD((SELECT CURRENT_TIMESTAMP()), INTERVAL -7 DAY)) ,'P0000000000007', 'Est-ce que vous êtes là ?', FALSE, TRUE, FALSE),
		('U0000000000003', (SELECT DATE_ADD((SELECT CURRENT_TIMESTAMP()), INTERVAL -7 DAY)) ,'P0000000000007', 'Puis avoir une reduction vu que les temps sont difficiles', TRUE, TRUE, TRUE),
		('U0000000000003', (SELECT DATE_ADD((SELECT CURRENT_TIMESTAMP()), INTERVAL -7 DAY)) ,'P0000000000007', 'Puis-je avoir mes contrats mis à 0 euro ?', FALSE, TRUE, TRUE),
		('U0000000000003', (SELECT DATE_ADD((SELECT CURRENT_TIMESTAMP()), INTERVAL -8 DAY)) ,'P0000000000008', 'Pouvez-vous me dire si le prix de l''énergie va bientôt augmenter', FALSE, FALSE, FALSE),
		('U0000000000003', (SELECT DATE_ADD((SELECT CURRENT_TIMESTAMP()), INTERVAL -8 DAY)) ,'P0000000000008', 'Les prix de tous les contrats vont baissés', FALSE, FALSE, TRUE),
		('U0000000000003', (SELECT DATE_ADD((SELECT CURRENT_TIMESTAMP()), INTERVAL -8 DAY)) ,'P0000000000008', 'Est-ce que vous êtes là ?', FALSE, TRUE, FALSE),
		('U0000000000003', (SELECT DATE_ADD((SELECT CURRENT_TIMESTAMP()), INTERVAL -8 DAY)) ,'P0000000000008', 'Puis avoir une reduction vu que les temps sont difficiles', TRUE, TRUE, TRUE),
		('U0000000000003', (SELECT DATE_ADD((SELECT CURRENT_TIMESTAMP()), INTERVAL -8 DAY)) ,'P0000000000008', 'Puis-je avoir mes contrats mis à 0 euro ?', FALSE, TRUE, TRUE),
		('U0000000000003', (SELECT DATE_ADD((SELECT CURRENT_TIMESTAMP()), INTERVAL -9 DAY)) ,'P0000000000009', 'Pouvez-vous me dire si le prix de l''énergie va bientôt augmenter', FALSE, FALSE, FALSE),
		('U0000000000003', (SELECT DATE_ADD((SELECT CURRENT_TIMESTAMP()), INTERVAL -9 DAY)) ,'P0000000000009', 'Les prix de tous les contrats vont baissés', FALSE, FALSE, TRUE),
		('U0000000000003', (SELECT DATE_ADD((SELECT CURRENT_TIMESTAMP()), INTERVAL -9 DAY)) ,'P0000000000009', 'Est-ce que vous êtes là ?', FALSE, TRUE, FALSE),
		('U0000000000003', (SELECT DATE_ADD((SELECT CURRENT_TIMESTAMP()), INTERVAL -9 DAY)) ,'P0000000000009', 'Puis avoir une reduction vu que les temps sont difficiles', TRUE, TRUE, TRUE),
		('U0000000000003', (SELECT DATE_ADD((SELECT CURRENT_TIMESTAMP()), INTERVAL -9 DAY)) ,'P0000000000009', 'Puis-je avoir mes contrats mis à 0 euro ?', FALSE, TRUE, TRUE),
		('U0000000000003', (SELECT DATE_ADD((SELECT CURRENT_TIMESTAMP()), INTERVAL -10 DAY)) ,'P0000000000010', 'Pouvez-vous me dire si le prix de l''énergie va bientôt augmenter', FALSE, FALSE, FALSE),
		('U0000000000003', (SELECT DATE_ADD((SELECT CURRENT_TIMESTAMP()), INTERVAL -10 DAY)) ,'P0000000000010', 'Les prix de tous les contrats vont baissés', FALSE, FALSE, TRUE),
		('U0000000000003', (SELECT DATE_ADD((SELECT CURRENT_TIMESTAMP()), INTERVAL -10 DAY)) ,'P0000000000010', 'Est-ce que vous êtes là ?', FALSE, TRUE, FALSE),
		('U0000000000003', (SELECT DATE_ADD((SELECT CURRENT_TIMESTAMP()), INTERVAL -10 DAY)) ,'P0000000000010', 'Puis avoir une reduction vu que les temps sont difficiles', TRUE, TRUE, TRUE),
		('U0000000000003', (SELECT DATE_ADD((SELECT CURRENT_TIMESTAMP()), INTERVAL -10 DAY)) ,'P0000000000010', 'Puis-je avoir mes contrats mis à 0 euro ?', FALSE, TRUE, TRUE),
		('U0000000000003', (SELECT DATE_ADD((SELECT CURRENT_TIMESTAMP()), INTERVAL -11 DAY)) ,'P0000000000011', 'Pouvez-vous me dire si le prix de l''énergie va bientôt augmenter', FALSE, FALSE, FALSE),
		('U0000000000003', (SELECT DATE_ADD((SELECT CURRENT_TIMESTAMP()), INTERVAL -11 DAY)) ,'P0000000000011', 'Les prix de tous les contrats vont baissés', FALSE, FALSE, TRUE),
		('U0000000000003', (SELECT DATE_ADD((SELECT CURRENT_TIMESTAMP()), INTERVAL -11 DAY)) ,'P0000000000011', 'Est-ce que vous êtes là ?', FALSE, TRUE, FALSE),
		('U0000000000003', (SELECT DATE_ADD((SELECT CURRENT_TIMESTAMP()), INTERVAL -11 DAY)) ,'P0000000000011', 'Puis avoir une reduction vu que les temps sont difficiles', TRUE, TRUE, TRUE),
		('U0000000000003', (SELECT DATE_ADD((SELECT CURRENT_TIMESTAMP()), INTERVAL -11 DAY)) ,'P0000000000011', 'Puis-je avoir mes contrats mis à 0 euro ?', FALSE, TRUE, TRUE),
		('U0000000000003', (SELECT DATE_ADD((SELECT CURRENT_TIMESTAMP()), INTERVAL -12 DAY)) ,'P0000000000012', 'Pouvez-vous me dire si le prix de l''énergie va bientôt augmenter', FALSE, FALSE, FALSE),
		('U0000000000003', (SELECT DATE_ADD((SELECT CURRENT_TIMESTAMP()), INTERVAL -12 DAY)) ,'P0000000000012', 'Les prix de tous les contrats vont baissés', FALSE, FALSE, TRUE),
		('U0000000000003', (SELECT DATE_ADD((SELECT CURRENT_TIMESTAMP()), INTERVAL -12 DAY)) ,'P0000000000012', 'Est-ce que vous êtes là ?', FALSE, TRUE, FALSE),
		('U0000000000003', (SELECT DATE_ADD((SELECT CURRENT_TIMESTAMP()), INTERVAL -12 DAY)) ,'P0000000000012', 'Puis avoir une reduction vu que les temps sont difficiles', TRUE, TRUE, TRUE),
		('U0000000000003', (SELECT DATE_ADD((SELECT CURRENT_TIMESTAMP()), INTERVAL -12 DAY)) ,'P0000000000012', 'Puis-je avoir mes contrats mis à 0 euro ?', FALSE, TRUE, TRUE),
		('U0000000000003', (SELECT DATE_ADD((SELECT CURRENT_TIMESTAMP()), INTERVAL -13 DAY)) ,'P0000000000013', 'Pouvez-vous me dire si le prix de l''énergie va bientôt augmenter', FALSE, FALSE, FALSE),
		('U0000000000003', (SELECT DATE_ADD((SELECT CURRENT_TIMESTAMP()), INTERVAL -13 DAY)) ,'P0000000000013', 'Les prix de tous les contrats vont baissés', FALSE, FALSE, TRUE),
		('U0000000000003', (SELECT DATE_ADD((SELECT CURRENT_TIMESTAMP()), INTERVAL -13 DAY)) ,'P0000000000013', 'Est-ce que vous êtes là ?', FALSE, TRUE, FALSE),
		('U0000000000003', (SELECT DATE_ADD((SELECT CURRENT_TIMESTAMP()), INTERVAL -13 DAY)) ,'P0000000000013', 'Puis avoir une reduction vu que les temps sont difficiles', TRUE, TRUE, TRUE),
		('U0000000000003', (SELECT DATE_ADD((SELECT CURRENT_TIMESTAMP()), INTERVAL -13 DAY)) ,'P0000000000013', 'Puis-je avoir mes contrats mis à 0 euro ?', FALSE, TRUE, TRUE),
		('U0000000000003', (SELECT DATE_ADD((SELECT CURRENT_TIMESTAMP()), INTERVAL -14 DAY)) ,'P0000000000014', 'Pouvez-vous me dire si le prix de l''énergie va bientôt augmenter', FALSE, FALSE, FALSE),
		('U0000000000003', (SELECT DATE_ADD((SELECT CURRENT_TIMESTAMP()), INTERVAL -14 DAY)) ,'P0000000000014', 'Les prix de tous les contrats vont baissés', FALSE, FALSE, TRUE),
		('U0000000000003', (SELECT DATE_ADD((SELECT CURRENT_TIMESTAMP()), INTERVAL -14 DAY)) ,'P0000000000014', 'Est-ce que vous êtes là ?', FALSE, TRUE, FALSE),
		('U0000000000003', (SELECT DATE_ADD((SELECT CURRENT_TIMESTAMP()), INTERVAL -14 DAY)) ,'P0000000000014', 'Puis avoir une reduction vu que les temps sont difficiles', TRUE, TRUE, TRUE),
		('U0000000000003', (SELECT DATE_ADD((SELECT CURRENT_TIMESTAMP()), INTERVAL -14 DAY)) ,'P0000000000014', 'Puis-je avoir mes contrats mis à 0 euro ?', FALSE, TRUE, TRUE),
		('U0000000000003', (SELECT DATE_ADD((SELECT CURRENT_TIMESTAMP()), INTERVAL -15 DAY)) ,'P0000000000015', 'Pouvez-vous me dire si le prix de l''énergie va bientôt augmenter', FALSE, FALSE, FALSE),
		('U0000000000003', (SELECT DATE_ADD((SELECT CURRENT_TIMESTAMP()), INTERVAL -15 DAY)) ,'P0000000000015', 'Les prix de tous les contrats vont baissés', FALSE, FALSE, TRUE),
		('U0000000000003', (SELECT DATE_ADD((SELECT CURRENT_TIMESTAMP()), INTERVAL -15 DAY)) ,'P0000000000015', 'Est-ce que vous êtes là ?', FALSE, TRUE, FALSE),
		('U0000000000003', (SELECT DATE_ADD((SELECT CURRENT_TIMESTAMP()), INTERVAL -15 DAY)) ,'P0000000000015', 'Puis avoir une reduction vu que les temps sont difficiles', TRUE, TRUE, TRUE),
		('U0000000000003', (SELECT DATE_ADD((SELECT CURRENT_TIMESTAMP()), INTERVAL -15 DAY)) ,'P0000000000015', 'Puis-je avoir mes contrats mis à 0 euro ?', FALSE, TRUE, TRUE),
		('U0000000000003', (SELECT DATE_ADD((SELECT CURRENT_TIMESTAMP()), INTERVAL -16 DAY)) ,'P0000000000016', 'Pouvez-vous me dire si le prix de l''énergie va bientôt augmenter', FALSE, FALSE, FALSE),
		('U0000000000003', (SELECT DATE_ADD((SELECT CURRENT_TIMESTAMP()), INTERVAL -16 DAY)) ,'P0000000000016', 'Les prix de tous les contrats vont baissés', FALSE, FALSE, TRUE),
		('U0000000000003', (SELECT DATE_ADD((SELECT CURRENT_TIMESTAMP()), INTERVAL -16 DAY)) ,'P0000000000016', 'Est-ce que vous êtes là ?', FALSE, TRUE, FALSE),
		('U0000000000003', (SELECT DATE_ADD((SELECT CURRENT_TIMESTAMP()), INTERVAL -16 DAY)) ,'P0000000000016', 'Puis avoir une reduction vu que les temps sont difficiles', TRUE, TRUE, TRUE),
		('U0000000000003', (SELECT DATE_ADD((SELECT CURRENT_TIMESTAMP()), INTERVAL -16 DAY)) ,'P0000000000016', 'Puis-je avoir mes contrats mis à 0 euro ?', FALSE, TRUE, TRUE),
		('U0000000000003', (SELECT DATE_ADD((SELECT CURRENT_TIMESTAMP()), INTERVAL -17 DAY)) ,'P0000000000017', 'Pouvez-vous me dire si le prix de l''énergie va bientôt augmenter', FALSE, FALSE, FALSE),
		('U0000000000003', (SELECT DATE_ADD((SELECT CURRENT_TIMESTAMP()), INTERVAL -17 DAY)) ,'P0000000000017', 'Les prix de tous les contrats vont baissés', FALSE, FALSE, TRUE),
		('U0000000000003', (SELECT DATE_ADD((SELECT CURRENT_TIMESTAMP()), INTERVAL -17 DAY)) ,'P0000000000017', 'Est-ce que vous êtes là ?', FALSE, TRUE, FALSE),
		('U0000000000003', (SELECT DATE_ADD((SELECT CURRENT_TIMESTAMP()), INTERVAL -17 DAY)) ,'P0000000000017', 'Puis avoir une reduction vu que les temps sont difficiles', TRUE, TRUE, TRUE),
		('U0000000000003', (SELECT DATE_ADD((SELECT CURRENT_TIMESTAMP()), INTERVAL -17 DAY)) ,'P0000000000017', 'Puis-je avoir mes contrats mis à 0 euro ?', FALSE, TRUE, TRUE),
		('U0000000000003', (SELECT DATE_ADD((SELECT CURRENT_TIMESTAMP()), INTERVAL -18 DAY)) ,'P0000000000018', 'Pouvez-vous me dire si le prix de l''énergie va bientôt augmenter', FALSE, FALSE, FALSE),
		('U0000000000003', (SELECT DATE_ADD((SELECT CURRENT_TIMESTAMP()), INTERVAL -18 DAY)) ,'P0000000000018', 'Les prix de tous les contrats vont baissés', FALSE, FALSE, TRUE),
		('U0000000000003', (SELECT DATE_ADD((SELECT CURRENT_TIMESTAMP()), INTERVAL -18 DAY)) ,'P0000000000018', 'Est-ce que vous êtes là ?', FALSE, TRUE, FALSE),
		('U0000000000003', (SELECT DATE_ADD((SELECT CURRENT_TIMESTAMP()), INTERVAL -18 DAY)) ,'P0000000000018', 'Puis avoir une reduction vu que les temps sont difficiles', TRUE, TRUE, TRUE),
		('U0000000000003', (SELECT DATE_ADD((SELECT CURRENT_TIMESTAMP()), INTERVAL -18 DAY)) ,'P0000000000018', 'Puis-je avoir mes contrats mis à 0 euro ?', FALSE, TRUE, TRUE),
		('U0000000000004', (SELECT DATE_ADD((SELECT CURRENT_TIMESTAMP()), INTERVAL -1 DAY)) ,'P0000000000001', 'Pouvez-vous me dire si le prix de l''énergie va bientôt augmenter', FALSE, FALSE, FALSE),
		('U0000000000004', (SELECT DATE_ADD((SELECT CURRENT_TIMESTAMP()), INTERVAL -1 DAY)) ,'P0000000000001', 'Les prix de tous les contrats vont baissés', FALSE, FALSE, TRUE),
		('U0000000000004', (SELECT DATE_ADD((SELECT CURRENT_TIMESTAMP()), INTERVAL -1 DAY)) ,'P0000000000001', 'Est-ce que vous êtes là ?', FALSE, TRUE, FALSE),
		('U0000000000004', (SELECT DATE_ADD((SELECT CURRENT_TIMESTAMP()), INTERVAL -1 DAY)) ,'P0000000000001', 'Puis avoir une reduction vu que les temps sont difficiles', TRUE, TRUE, TRUE),
		('U0000000000004', (SELECT DATE_ADD((SELECT CURRENT_TIMESTAMP()), INTERVAL -1 DAY)) ,'P0000000000001', 'Puis-je avoir mes contrats mis à 0 euro ?', FALSE, TRUE, TRUE),
		('U0000000000004', (SELECT DATE_ADD((SELECT CURRENT_TIMESTAMP()), INTERVAL -2 DAY)) ,'P0000000000002', 'Pouvez-vous me dire si le prix de l''énergie va bientôt augmenter', FALSE, FALSE, FALSE),
		('U0000000000004', (SELECT DATE_ADD((SELECT CURRENT_TIMESTAMP()), INTERVAL -2 DAY)) ,'P0000000000002', 'Les prix de tous les contrats vont baissés', FALSE, FALSE, TRUE),
		('U0000000000004', (SELECT DATE_ADD((SELECT CURRENT_TIMESTAMP()), INTERVAL -2 DAY)) ,'P0000000000002', 'Est-ce que vous êtes là ?', FALSE, TRUE, FALSE),
		('U0000000000004', (SELECT DATE_ADD((SELECT CURRENT_TIMESTAMP()), INTERVAL -2 DAY)) ,'P0000000000002', 'Puis avoir une reduction vu que les temps sont difficiles', TRUE, TRUE, TRUE),
		('U0000000000004', (SELECT DATE_ADD((SELECT CURRENT_TIMESTAMP()), INTERVAL -2 DAY)) ,'P0000000000002', 'Puis-je avoir mes contrats mis à 0 euro ?', FALSE, TRUE, TRUE),
		('U0000000000004', (SELECT DATE_ADD((SELECT CURRENT_TIMESTAMP()), INTERVAL -3 DAY)) ,'P0000000000003', 'Pouvez-vous me dire si le prix de l''énergie va bientôt augmenter', FALSE, FALSE, FALSE),
		('U0000000000004', (SELECT DATE_ADD((SELECT CURRENT_TIMESTAMP()), INTERVAL -3 DAY)) ,'P0000000000003', 'Les prix de tous les contrats vont baissés', FALSE, FALSE, TRUE),
		('U0000000000004', (SELECT DATE_ADD((SELECT CURRENT_TIMESTAMP()), INTERVAL -3 DAY)) ,'P0000000000003', 'Est-ce que vous êtes là ?', FALSE, TRUE, FALSE),
		('U0000000000004', (SELECT DATE_ADD((SELECT CURRENT_TIMESTAMP()), INTERVAL -3 DAY)) ,'P0000000000003', 'Puis avoir une reduction vu que les temps sont difficiles', TRUE, TRUE, TRUE),
		('U0000000000004', (SELECT DATE_ADD((SELECT CURRENT_TIMESTAMP()), INTERVAL -3 DAY)) ,'P0000000000003', 'Puis-je avoir mes contrats mis à 0 euro ?', FALSE, TRUE, TRUE),
		('U0000000000004', (SELECT DATE_ADD((SELECT CURRENT_TIMESTAMP()), INTERVAL -4 DAY)) ,'P0000000000004', 'Pouvez-vous me dire si le prix de l''énergie va bientôt augmenter', FALSE, FALSE, FALSE),
		('U0000000000004', (SELECT DATE_ADD((SELECT CURRENT_TIMESTAMP()), INTERVAL -4 DAY)) ,'P0000000000004', 'Les prix de tous les contrats vont baissés', FALSE, FALSE, TRUE),
		('U0000000000004', (SELECT DATE_ADD((SELECT CURRENT_TIMESTAMP()), INTERVAL -4 DAY)) ,'P0000000000004', 'Est-ce que vous êtes là ?', FALSE, TRUE, FALSE),
		('U0000000000004', (SELECT DATE_ADD((SELECT CURRENT_TIMESTAMP()), INTERVAL -4 DAY)) ,'P0000000000004', 'Puis avoir une reduction vu que les temps sont difficiles', TRUE, TRUE, TRUE),
		('U0000000000004', (SELECT DATE_ADD((SELECT CURRENT_TIMESTAMP()), INTERVAL -4 DAY)) ,'P0000000000004', 'Puis-je avoir mes contrats mis à 0 euro ?', FALSE, TRUE, TRUE),
		('U0000000000004', (SELECT DATE_ADD((SELECT CURRENT_TIMESTAMP()), INTERVAL -5 DAY)) ,'P0000000000005', 'Pouvez-vous me dire si le prix de l''énergie va bientôt augmenter', FALSE, FALSE, FALSE),
		('U0000000000004', (SELECT DATE_ADD((SELECT CURRENT_TIMESTAMP()), INTERVAL -5 DAY)) ,'P0000000000005', 'Les prix de tous les contrats vont baissés', FALSE, FALSE, TRUE),
		('U0000000000004', (SELECT DATE_ADD((SELECT CURRENT_TIMESTAMP()), INTERVAL -5 DAY)) ,'P0000000000005', 'Est-ce que vous êtes là ?', FALSE, TRUE, FALSE),
		('U0000000000004', (SELECT DATE_ADD((SELECT CURRENT_TIMESTAMP()), INTERVAL -5 DAY)) ,'P0000000000005', 'Puis avoir une reduction vu que les temps sont difficiles', TRUE, TRUE, TRUE),
		('U0000000000004', (SELECT DATE_ADD((SELECT CURRENT_TIMESTAMP()), INTERVAL -5 DAY)) ,'P0000000000005', 'Puis-je avoir mes contrats mis à 0 euro ?', FALSE, TRUE, TRUE),
		('U0000000000004', (SELECT DATE_ADD((SELECT CURRENT_TIMESTAMP()), INTERVAL -6 DAY)) ,'P0000000000006', 'Pouvez-vous me dire si le prix de l''énergie va bientôt augmenter', FALSE, FALSE, FALSE),
		('U0000000000004', (SELECT DATE_ADD((SELECT CURRENT_TIMESTAMP()), INTERVAL -6 DAY)) ,'P0000000000006', 'Les prix de tous les contrats vont baissés', FALSE, FALSE, TRUE),
		('U0000000000004', (SELECT DATE_ADD((SELECT CURRENT_TIMESTAMP()), INTERVAL -6 DAY)) ,'P0000000000006', 'Est-ce que vous êtes là ?', FALSE, TRUE, FALSE),
		('U0000000000004', (SELECT DATE_ADD((SELECT CURRENT_TIMESTAMP()), INTERVAL -6 DAY)) ,'P0000000000006', 'Puis avoir une reduction vu que les temps sont difficiles', TRUE, TRUE, TRUE),
		('U0000000000004', (SELECT DATE_ADD((SELECT CURRENT_TIMESTAMP()), INTERVAL -6 DAY)) ,'P0000000000006', 'Puis-je avoir mes contrats mis à 0 euro ?', FALSE, TRUE, TRUE),
		('U0000000000004', (SELECT DATE_ADD((SELECT CURRENT_TIMESTAMP()), INTERVAL -7 DAY)) ,'P0000000000007', 'Pouvez-vous me dire si le prix de l''énergie va bientôt augmenter', FALSE, FALSE, FALSE),
		('U0000000000004', (SELECT DATE_ADD((SELECT CURRENT_TIMESTAMP()), INTERVAL -7 DAY)) ,'P0000000000007', 'Les prix de tous les contrats vont baissés', FALSE, FALSE, TRUE),
		('U0000000000004', (SELECT DATE_ADD((SELECT CURRENT_TIMESTAMP()), INTERVAL -7 DAY)) ,'P0000000000007', 'Est-ce que vous êtes là ?', FALSE, TRUE, FALSE),
		('U0000000000004', (SELECT DATE_ADD((SELECT CURRENT_TIMESTAMP()), INTERVAL -7 DAY)) ,'P0000000000007', 'Puis avoir une reduction vu que les temps sont difficiles', TRUE, TRUE, TRUE),
		('U0000000000004', (SELECT DATE_ADD((SELECT CURRENT_TIMESTAMP()), INTERVAL -7 DAY)) ,'P0000000000007', 'Puis-je avoir mes contrats mis à 0 euro ?', FALSE, TRUE, TRUE),
		('U0000000000004', (SELECT DATE_ADD((SELECT CURRENT_TIMESTAMP()), INTERVAL -8 DAY)) ,'P0000000000008', 'Pouvez-vous me dire si le prix de l''énergie va bientôt augmenter', FALSE, FALSE, FALSE),
		('U0000000000004', (SELECT DATE_ADD((SELECT CURRENT_TIMESTAMP()), INTERVAL -8 DAY)) ,'P0000000000008', 'Les prix de tous les contrats vont baissés', FALSE, FALSE, TRUE),
		('U0000000000004', (SELECT DATE_ADD((SELECT CURRENT_TIMESTAMP()), INTERVAL -8 DAY)) ,'P0000000000008', 'Est-ce que vous êtes là ?', FALSE, TRUE, FALSE),
		('U0000000000004', (SELECT DATE_ADD((SELECT CURRENT_TIMESTAMP()), INTERVAL -8 DAY)) ,'P0000000000008', 'Puis avoir une reduction vu que les temps sont difficiles', TRUE, TRUE, TRUE),
		('U0000000000004', (SELECT DATE_ADD((SELECT CURRENT_TIMESTAMP()), INTERVAL -8 DAY)) ,'P0000000000008', 'Puis-je avoir mes contrats mis à 0 euro ?', FALSE, TRUE, TRUE),
		('U0000000000004', (SELECT DATE_ADD((SELECT CURRENT_TIMESTAMP()), INTERVAL -9 DAY)) ,'P0000000000009', 'Pouvez-vous me dire si le prix de l''énergie va bientôt augmenter', FALSE, FALSE, FALSE),
		('U0000000000004', (SELECT DATE_ADD((SELECT CURRENT_TIMESTAMP()), INTERVAL -9 DAY)) ,'P0000000000009', 'Les prix de tous les contrats vont baissés', FALSE, FALSE, TRUE),
		('U0000000000004', (SELECT DATE_ADD((SELECT CURRENT_TIMESTAMP()), INTERVAL -9 DAY)) ,'P0000000000009', 'Est-ce que vous êtes là ?', FALSE, TRUE, FALSE),
		('U0000000000004', (SELECT DATE_ADD((SELECT CURRENT_TIMESTAMP()), INTERVAL -9 DAY)) ,'P0000000000009', 'Puis avoir une reduction vu que les temps sont difficiles', TRUE, TRUE, TRUE),
		('U0000000000004', (SELECT DATE_ADD((SELECT CURRENT_TIMESTAMP()), INTERVAL -9 DAY)) ,'P0000000000009', 'Puis-je avoir mes contrats mis à 0 euro ?', FALSE, TRUE, TRUE),
		('U0000000000004', (SELECT DATE_ADD((SELECT CURRENT_TIMESTAMP()), INTERVAL -10 DAY)) ,'P0000000000010', 'Pouvez-vous me dire si le prix de l''énergie va bientôt augmenter', FALSE, FALSE, FALSE),
		('U0000000000004', (SELECT DATE_ADD((SELECT CURRENT_TIMESTAMP()), INTERVAL -10 DAY)) ,'P0000000000010', 'Les prix de tous les contrats vont baissés', FALSE, FALSE, TRUE),
		('U0000000000004', (SELECT DATE_ADD((SELECT CURRENT_TIMESTAMP()), INTERVAL -10 DAY)) ,'P0000000000010', 'Est-ce que vous êtes là ?', FALSE, TRUE, FALSE),
		('U0000000000004', (SELECT DATE_ADD((SELECT CURRENT_TIMESTAMP()), INTERVAL -10 DAY)) ,'P0000000000010', 'Puis avoir une reduction vu que les temps sont difficiles', TRUE, TRUE, TRUE),
		('U0000000000004', (SELECT DATE_ADD((SELECT CURRENT_TIMESTAMP()), INTERVAL -10 DAY)) ,'P0000000000010', 'Puis-je avoir mes contrats mis à 0 euro ?', FALSE, TRUE, TRUE),
		('U0000000000004', (SELECT DATE_ADD((SELECT CURRENT_TIMESTAMP()), INTERVAL -11 DAY)) ,'P0000000000011', 'Pouvez-vous me dire si le prix de l''énergie va bientôt augmenter', FALSE, FALSE, FALSE),
		('U0000000000004', (SELECT DATE_ADD((SELECT CURRENT_TIMESTAMP()), INTERVAL -11 DAY)) ,'P0000000000011', 'Les prix de tous les contrats vont baissés', FALSE, FALSE, TRUE),
		('U0000000000004', (SELECT DATE_ADD((SELECT CURRENT_TIMESTAMP()), INTERVAL -11 DAY)) ,'P0000000000011', 'Est-ce que vous êtes là ?', FALSE, TRUE, FALSE),
		('U0000000000004', (SELECT DATE_ADD((SELECT CURRENT_TIMESTAMP()), INTERVAL -11 DAY)) ,'P0000000000011', 'Puis avoir une reduction vu que les temps sont difficiles', TRUE, TRUE, TRUE),
		('U0000000000004', (SELECT DATE_ADD((SELECT CURRENT_TIMESTAMP()), INTERVAL -11 DAY)) ,'P0000000000011', 'Puis-je avoir mes contrats mis à 0 euro ?', FALSE, TRUE, TRUE),
		('U0000000000004', (SELECT DATE_ADD((SELECT CURRENT_TIMESTAMP()), INTERVAL -12 DAY)) ,'P0000000000012', 'Pouvez-vous me dire si le prix de l''énergie va bientôt augmenter', FALSE, FALSE, FALSE),
		('U0000000000004', (SELECT DATE_ADD((SELECT CURRENT_TIMESTAMP()), INTERVAL -12 DAY)) ,'P0000000000012', 'Les prix de tous les contrats vont baissés', FALSE, FALSE, TRUE),
		('U0000000000004', (SELECT DATE_ADD((SELECT CURRENT_TIMESTAMP()), INTERVAL -12 DAY)) ,'P0000000000012', 'Est-ce que vous êtes là ?', FALSE, TRUE, FALSE),
		('U0000000000004', (SELECT DATE_ADD((SELECT CURRENT_TIMESTAMP()), INTERVAL -12 DAY)) ,'P0000000000012', 'Puis avoir une reduction vu que les temps sont difficiles', TRUE, TRUE, TRUE),
		('U0000000000004', (SELECT DATE_ADD((SELECT CURRENT_TIMESTAMP()), INTERVAL -12 DAY)) ,'P0000000000012', 'Puis-je avoir mes contrats mis à 0 euro ?', FALSE, TRUE, TRUE),
		('U0000000000004', (SELECT DATE_ADD((SELECT CURRENT_TIMESTAMP()), INTERVAL -13 DAY)) ,'P0000000000013', 'Pouvez-vous me dire si le prix de l''énergie va bientôt augmenter', FALSE, FALSE, FALSE),
		('U0000000000004', (SELECT DATE_ADD((SELECT CURRENT_TIMESTAMP()), INTERVAL -13 DAY)) ,'P0000000000013', 'Les prix de tous les contrats vont baissés', FALSE, FALSE, TRUE),
		('U0000000000004', (SELECT DATE_ADD((SELECT CURRENT_TIMESTAMP()), INTERVAL -13 DAY)) ,'P0000000000013', 'Est-ce que vous êtes là ?', FALSE, TRUE, FALSE),
		('U0000000000004', (SELECT DATE_ADD((SELECT CURRENT_TIMESTAMP()), INTERVAL -13 DAY)) ,'P0000000000013', 'Puis avoir une reduction vu que les temps sont difficiles', TRUE, TRUE, TRUE),
		('U0000000000004', (SELECT DATE_ADD((SELECT CURRENT_TIMESTAMP()), INTERVAL -13 DAY)) ,'P0000000000013', 'Puis-je avoir mes contrats mis à 0 euro ?', FALSE, TRUE, TRUE),
		('U0000000000004', (SELECT DATE_ADD((SELECT CURRENT_TIMESTAMP()), INTERVAL -14 DAY)) ,'P0000000000014', 'Pouvez-vous me dire si le prix de l''énergie va bientôt augmenter', FALSE, FALSE, FALSE),
		('U0000000000004', (SELECT DATE_ADD((SELECT CURRENT_TIMESTAMP()), INTERVAL -14 DAY)) ,'P0000000000014', 'Les prix de tous les contrats vont baissés', FALSE, FALSE, TRUE),
		('U0000000000004', (SELECT DATE_ADD((SELECT CURRENT_TIMESTAMP()), INTERVAL -14 DAY)) ,'P0000000000014', 'Est-ce que vous êtes là ?', FALSE, TRUE, FALSE),
		('U0000000000004', (SELECT DATE_ADD((SELECT CURRENT_TIMESTAMP()), INTERVAL -14 DAY)) ,'P0000000000014', 'Puis avoir une reduction vu que les temps sont difficiles', TRUE, TRUE, TRUE),
		('U0000000000004', (SELECT DATE_ADD((SELECT CURRENT_TIMESTAMP()), INTERVAL -14 DAY)) ,'P0000000000014', 'Puis-je avoir mes contrats mis à 0 euro ?', FALSE, TRUE, TRUE),
		('U0000000000004', (SELECT DATE_ADD((SELECT CURRENT_TIMESTAMP()), INTERVAL -15 DAY)) ,'P0000000000015', 'Pouvez-vous me dire si le prix de l''énergie va bientôt augmenter', FALSE, FALSE, FALSE),
		('U0000000000004', (SELECT DATE_ADD((SELECT CURRENT_TIMESTAMP()), INTERVAL -15 DAY)) ,'P0000000000015', 'Les prix de tous les contrats vont baissés', FALSE, FALSE, TRUE),
		('U0000000000004', (SELECT DATE_ADD((SELECT CURRENT_TIMESTAMP()), INTERVAL -15 DAY)) ,'P0000000000015', 'Est-ce que vous êtes là ?', FALSE, TRUE, FALSE),
		('U0000000000004', (SELECT DATE_ADD((SELECT CURRENT_TIMESTAMP()), INTERVAL -15 DAY)) ,'P0000000000015', 'Puis avoir une reduction vu que les temps sont difficiles', TRUE, TRUE, TRUE),
		('U0000000000004', (SELECT DATE_ADD((SELECT CURRENT_TIMESTAMP()), INTERVAL -15 DAY)) ,'P0000000000015', 'Puis-je avoir mes contrats mis à 0 euro ?', FALSE, TRUE, TRUE),
		('U0000000000004', (SELECT DATE_ADD((SELECT CURRENT_TIMESTAMP()), INTERVAL -16 DAY)) ,'P0000000000016', 'Pouvez-vous me dire si le prix de l''énergie va bientôt augmenter', FALSE, FALSE, FALSE),
		('U0000000000004', (SELECT DATE_ADD((SELECT CURRENT_TIMESTAMP()), INTERVAL -16 DAY)) ,'P0000000000016', 'Les prix de tous les contrats vont baissés', FALSE, FALSE, TRUE),
		('U0000000000004', (SELECT DATE_ADD((SELECT CURRENT_TIMESTAMP()), INTERVAL -16 DAY)) ,'P0000000000016', 'Est-ce que vous êtes là ?', FALSE, TRUE, FALSE),
		('U0000000000004', (SELECT DATE_ADD((SELECT CURRENT_TIMESTAMP()), INTERVAL -16 DAY)) ,'P0000000000016', 'Puis avoir une reduction vu que les temps sont difficiles', TRUE, TRUE, TRUE),
		('U0000000000004', (SELECT DATE_ADD((SELECT CURRENT_TIMESTAMP()), INTERVAL -16 DAY)) ,'P0000000000016', 'Puis-je avoir mes contrats mis à 0 euro ?', FALSE, TRUE, TRUE),
		('U0000000000004', (SELECT DATE_ADD((SELECT CURRENT_TIMESTAMP()), INTERVAL -17 DAY)) ,'P0000000000017', 'Pouvez-vous me dire si le prix de l''énergie va bientôt augmenter', FALSE, FALSE, FALSE),
		('U0000000000004', (SELECT DATE_ADD((SELECT CURRENT_TIMESTAMP()), INTERVAL -17 DAY)) ,'P0000000000017', 'Les prix de tous les contrats vont baissés', FALSE, FALSE, TRUE),
		('U0000000000004', (SELECT DATE_ADD((SELECT CURRENT_TIMESTAMP()), INTERVAL -17 DAY)) ,'P0000000000017', 'Est-ce que vous êtes là ?', FALSE, TRUE, FALSE),
		('U0000000000004', (SELECT DATE_ADD((SELECT CURRENT_TIMESTAMP()), INTERVAL -17 DAY)) ,'P0000000000017', 'Puis avoir une reduction vu que les temps sont difficiles', TRUE, TRUE, TRUE),
		('U0000000000004', (SELECT DATE_ADD((SELECT CURRENT_TIMESTAMP()), INTERVAL -17 DAY)) ,'P0000000000017', 'Puis-je avoir mes contrats mis à 0 euro ?', FALSE, TRUE, TRUE),
		('U0000000000004', (SELECT DATE_ADD((SELECT CURRENT_TIMESTAMP()), INTERVAL -18 DAY)) ,'P0000000000018', 'Pouvez-vous me dire si le prix de l''énergie va bientôt augmenter', FALSE, FALSE, FALSE),
		('U0000000000004', (SELECT DATE_ADD((SELECT CURRENT_TIMESTAMP()), INTERVAL -18 DAY)) ,'P0000000000018', 'Les prix de tous les contrats vont baissés', FALSE, FALSE, TRUE),
		('U0000000000004', (SELECT DATE_ADD((SELECT CURRENT_TIMESTAMP()), INTERVAL -18 DAY)) ,'P0000000000018', 'Est-ce que vous êtes là ?', FALSE, TRUE, FALSE),
		('U0000000000004', (SELECT DATE_ADD((SELECT CURRENT_TIMESTAMP()), INTERVAL -18 DAY)) ,'P0000000000018', 'Puis avoir une reduction vu que les temps sont difficiles', TRUE, TRUE, TRUE),
		('U0000000000004', (SELECT DATE_ADD((SELECT CURRENT_TIMESTAMP()), INTERVAL -18 DAY)) ,'P0000000000018', 'Puis-je avoir mes contrats mis à 0 euro ?', FALSE, TRUE, TRUE);
END | 

delimiter ;

CREATE EVENT `ppe`.`ev_reset_database_event`
ON SCHEDULE EVERY 1 DAY
STARTS CURRENT_TIMESTAMP + INTERVAL 1 MINUTE
DO CALL `ppe`.`sp_reset_database`;


